video_index,video_name,frame_index,center_x,center_y,x1,y1,x2,y2,confidence
0,single_car_video_1_speed_1V_1_header.mp4,0,58.32,2175.81,0.0,2079.06,116.63,2272.57,0.6066
0,single_car_video_1_speed_1V_1_header.mp4,1,47.09,2190.19,0.0,2105.61,94.18,2274.78,0.5845
0,single_car_video_1_speed_1V_1_header.mp4,2,51.65,2189.01,0.0,2103.91,103.3,2274.11,0.6042
0,single_car_video_1_speed_1V_1_header.mp4,3,57.04,2185.82,0.09,2103.5,113.99,2268.14,0.5818
0,single_car_video_1_speed_1V_1_header.mp4,4,55.14,2189.9,0.0,2109.25,110.29,2270.54,0.6718
0,single_car_video_1_speed_1V_1_header.mp4,5,55.56,2166.73,0.12,2064.91,110.99,2268.55,0.6668
0,single_car_video_1_speed_1V_1_header.mp4,6,54.79,2186.86,0.0,2099.88,109.57,2273.84,0.6664
0,single_car_video_1_speed_1V_1_header.mp4,7,56.79,2188.0,0.0,2100.09,113.57,2275.91,0.6737
0,single_car_video_1_speed_1V_1_header.mp4,8,58.08,2186.72,0.0,2097.8,116.17,2275.64,0.6688
0,single_car_video_1_speed_1V_1_header.mp4,9,62.59,2189.52,0.0,2102.62,125.17,2276.41,0.7645
0,single_car_video_1_speed_1V_1_header.mp4,10,65.23,2188.63,0.0,2102.58,130.47,2274.68,0.7567
0,single_car_video_1_speed_1V_1_header.mp4,11,67.81,2168.66,2.95,2059.88,132.66,2277.45,0.8182
0,single_car_video_1_speed_1V_1_header.mp4,12,73.46,2171.31,2.91,2066.52,144.01,2276.1,0.7712
0,single_car_video_1_speed_1V_1_header.mp4,13,77.64,2170.47,0.21,2065.89,155.07,2275.04,0.8217
0,single_car_video_1_speed_1V_1_header.mp4,14,77.48,2173.82,0.1,2070.61,154.87,2277.03,0.8411
0,single_car_video_1_speed_1V_1_header.mp4,15,81.3,2177.25,0.0,2071.4,162.61,2283.1,0.8512
0,single_car_video_1_speed_1V_1_header.mp4,16,82.9,2178.34,0.0,2074.97,165.8,2281.71,0.8576
0,single_car_video_1_speed_1V_1_header.mp4,17,86.29,2179.1,0.0,2073.9,172.57,2284.3,0.8665
0,single_car_video_1_speed_1V_1_header.mp4,18,90.53,2176.9,0.0,2074.39,181.06,2279.42,0.8746
0,single_car_video_1_speed_1V_1_header.mp4,19,92.73,2179.99,0.14,2079.58,185.31,2280.4,0.8848
0,single_car_video_1_speed_1V_1_header.mp4,20,94.88,2181.16,0.27,2080.91,189.49,2281.41,0.8907
0,single_car_video_1_speed_1V_1_header.mp4,21,102.63,2183.12,0.72,2082.8,204.54,2283.45,0.8882
0,single_car_video_1_speed_1V_1_header.mp4,22,102.91,2184.68,0.75,2085.96,205.07,2283.41,0.8849
0,single_car_video_1_speed_1V_1_header.mp4,23,104.95,2184.41,0.82,2084.82,209.08,2284.01,0.8912
0,single_car_video_1_speed_1V_1_header.mp4,24,110.78,2183.01,0.89,2082.73,220.67,2283.3,0.8847
0,single_car_video_1_speed_1V_1_header.mp4,25,119.74,2182.93,1.01,2083.11,238.47,2282.74,0.8892
0,single_car_video_1_speed_1V_1_header.mp4,26,119.8,2184.6,0.0,2085.76,239.6,2283.43,0.8921
0,single_car_video_1_speed_1V_1_header.mp4,27,119.92,2183.16,0.0,2087.61,239.85,2278.72,0.8839
0,single_car_video_1_speed_1V_1_header.mp4,28,120.17,2183.93,0.0,2087.41,240.33,2280.45,0.8899
0,single_car_video_1_speed_1V_1_header.mp4,29,125.84,2183.42,0.23,2087.5,251.44,2279.34,0.8964
0,single_car_video_1_speed_1V_1_header.mp4,30,129.77,2181.64,3.2,2087.18,256.35,2276.1,0.8945
0,single_car_video_1_speed_1V_1_header.mp4,31,137.66,2181.09,7.4,2086.76,267.91,2275.43,0.8931
0,single_car_video_1_speed_1V_1_header.mp4,32,143.06,2180.09,13.11,2086.72,273.0,2273.46,0.8836
0,single_car_video_1_speed_1V_1_header.mp4,33,157.26,2180.91,24.14,2089.27,290.39,2272.54,0.8789
0,single_car_video_1_speed_1V_1_header.mp4,34,161.08,2184.1,31.77,2093.48,290.4,2274.72,0.8935
0,single_car_video_1_speed_1V_1_header.mp4,35,162.09,2183.56,34.02,2092.85,290.15,2274.28,0.8673
0,single_car_video_1_speed_1V_1_header.mp4,36,163.17,2181.52,36.81,2089.9,289.53,2273.15,0.8693
0,single_car_video_1_speed_1V_1_header.mp4,37,168.91,2179.57,46.19,2088.81,291.63,2270.32,0.8741
0,single_car_video_1_speed_1V_1_header.mp4,38,181.47,2177.46,52.78,2087.4,310.16,2267.52,0.887
0,single_car_video_1_speed_1V_1_header.mp4,39,188.37,2175.16,59.37,2086.67,317.36,2263.64,0.8812
0,single_car_video_1_speed_1V_1_header.mp4,40,193.0,2176.21,60.93,2089.34,325.06,2263.08,0.8741
0,single_car_video_1_speed_1V_1_header.mp4,41,197.18,2174.69,71.31,2092.64,323.06,2256.74,0.8608
0,single_car_video_1_speed_1V_1_header.mp4,42,207.27,2172.39,77.42,2091.27,337.11,2253.51,0.8745
0,single_car_video_1_speed_1V_1_header.mp4,43,211.67,2170.56,84.18,2089.26,339.16,2251.86,0.8757
0,single_car_video_1_speed_1V_1_header.mp4,44,218.36,2171.01,88.88,2084.11,347.83,2257.91,0.8805
0,single_car_video_1_speed_1V_1_header.mp4,45,220.91,2169.81,103.18,2086.48,338.64,2253.14,0.8761
0,single_car_video_1_speed_1V_1_header.mp4,46,223.81,2170.44,108.14,2088.26,339.48,2252.62,0.8708
0,single_car_video_1_speed_1V_1_header.mp4,47,237.18,2167.82,110.24,2080.26,364.13,2255.39,0.8613
0,single_car_video_1_speed_1V_1_header.mp4,48,239.34,2160.83,114.37,2071.91,364.31,2249.76,0.8702
0,single_car_video_1_speed_1V_1_header.mp4,49,245.86,2160.63,121.39,2069.35,370.34,2251.91,0.8856
0,single_car_video_1_speed_1V_1_header.mp4,50,249.31,2158.88,126.49,2069.36,372.12,2248.4,0.8778
0,single_car_video_1_speed_1V_1_header.mp4,51,259.3,2158.75,131.42,2068.1,387.17,2249.4,0.8776
0,single_car_video_1_speed_1V_1_header.mp4,52,261.26,2156.63,135.04,2068.14,387.48,2245.13,0.8806
0,single_car_video_1_speed_1V_1_header.mp4,53,266.69,2156.11,142.86,2067.23,390.52,2244.99,0.8872
0,single_car_video_1_speed_1V_1_header.mp4,54,271.63,2155.09,152.73,2065.62,390.53,2244.57,0.8759
0,single_car_video_1_speed_1V_1_header.mp4,55,274.16,2155.88,157.07,2067.1,391.26,2244.67,0.8779
0,single_car_video_1_speed_1V_1_header.mp4,56,279.86,2154.65,160.57,2063.36,399.15,2245.93,0.8576
0,single_car_video_1_speed_1V_1_header.mp4,57,287.34,2150.09,164.34,2057.74,410.34,2242.44,0.865
0,single_car_video_1_speed_1V_1_header.mp4,58,291.45,2148.22,166.18,2061.32,416.71,2235.11,0.8059
0,single_car_video_1_speed_1V_1_header.mp4,59,229.09,2146.73,38.24,2056.84,419.94,2236.61,0.7263
0,single_car_video_1_speed_1V_1_header.mp4,59,300.64,2142.52,184.43,2048.82,416.85,2236.22,0.6194
0,single_car_video_1_speed_1V_1_header.mp4,60,307.45,2142.1,188.47,2054.36,426.43,2229.84,0.7996
0,single_car_video_1_speed_1V_1_header.mp4,60,226.38,2144.82,21.73,2057.51,431.04,2232.13,0.5015
0,single_car_video_1_speed_1V_1_header.mp4,61,312.8,2138.54,191.68,2042.43,433.92,2234.65,0.8043
0,single_car_video_1_speed_1V_1_header.mp4,61,221.52,2138.63,8.17,2047.45,434.88,2229.81,0.5534
0,single_car_video_1_speed_1V_1_header.mp4,62,318.2,2137.78,197.38,2044.1,439.01,2231.46,0.8249
0,single_car_video_1_speed_1V_1_header.mp4,62,225.35,2136.66,11.73,2046.91,438.97,2226.41,0.4682
0,single_car_video_1_speed_1V_1_header.mp4,63,322.15,2127.32,204.74,2028.69,439.57,2225.94,0.8699
0,single_car_video_1_speed_1V_1_header.mp4,63,268.31,2129.62,96.68,2039.38,439.95,2219.86,0.3697
0,single_car_video_1_speed_1V_1_header.mp4,64,326.56,2127.54,209.86,2029.83,443.27,2225.25,0.8344
0,single_car_video_1_speed_1V_1_header.mp4,65,335.02,2126.51,218.78,2035.85,451.26,2217.18,0.8521
0,single_car_video_1_speed_1V_1_header.mp4,66,341.02,2122.14,222.83,2037.23,459.21,2207.06,0.8822
0,single_car_video_1_speed_1V_1_header.mp4,67,347.93,2120.71,230.06,2035.54,465.8,2205.89,0.865
0,single_car_video_1_speed_1V_1_header.mp4,68,349.23,2115.7,232.92,2028.58,465.53,2202.83,0.8978
0,single_car_video_1_speed_1V_1_header.mp4,69,354.67,2109.23,234.99,2014.18,474.35,2204.28,0.9137
0,single_car_video_1_speed_1V_1_header.mp4,70,361.65,2108.06,240.06,2012.56,483.23,2203.56,0.9058
0,single_car_video_1_speed_1V_1_header.mp4,71,367.26,2107.97,247.07,2015.3,487.44,2200.64,0.906
0,single_car_video_1_speed_1V_1_header.mp4,72,374.26,2099.69,257.03,2001.81,491.49,2197.58,0.893
0,single_car_video_1_speed_1V_1_header.mp4,73,377.62,2095.74,261.82,1999.68,493.42,2191.81,0.8891
0,single_car_video_1_speed_1V_1_header.mp4,74,380.32,2098.01,266.71,2005.81,493.93,2190.22,0.8876
0,single_car_video_1_speed_1V_1_header.mp4,75,388.54,2087.97,269.31,1984.25,507.78,2191.69,0.8779
0,single_car_video_1_speed_1V_1_header.mp4,76,392.23,2086.89,274.56,1986.49,509.9,2187.29,0.8774
0,single_car_video_1_speed_1V_1_header.mp4,77,398.63,2085.54,284.95,1987.44,512.31,2183.64,0.8679
0,single_car_video_1_speed_1V_1_header.mp4,78,401.33,2081.49,286.79,1982.19,515.87,2180.8,0.8858
0,single_car_video_1_speed_1V_1_header.mp4,79,407.03,2080.95,288.93,1981.51,525.13,2180.38,0.9084
0,single_car_video_1_speed_1V_1_header.mp4,80,413.51,2075.08,294.04,1977.77,532.97,2172.38,0.923
0,single_car_video_1_speed_1V_1_header.mp4,81,420.05,2069.63,301.39,1969.62,538.71,2169.65,0.9278
0,single_car_video_1_speed_1V_1_header.mp4,82,425.63,2066.0,311.14,1966.06,540.11,2165.94,0.9268
0,single_car_video_1_speed_1V_1_header.mp4,83,427.96,2062.89,313.14,1965.14,542.79,2160.64,0.9164
0,single_car_video_1_speed_1V_1_header.mp4,84,431.78,2058.26,318.48,1960.66,545.08,2155.85,0.9066
0,single_car_video_1_speed_1V_1_header.mp4,85,435.0,2054.7,320.63,1955.51,549.37,2153.89,0.9046
0,single_car_video_1_speed_1V_1_header.mp4,86,439.39,2049.23,324.39,1945.98,554.4,2152.47,0.8998
0,single_car_video_1_speed_1V_1_header.mp4,87,446.81,2044.4,330.81,1939.51,562.81,2149.28,0.8936
0,single_car_video_1_speed_1V_1_header.mp4,88,449.77,2041.13,332.4,1936.32,567.14,2145.94,0.8921
0,single_car_video_1_speed_1V_1_header.mp4,89,454.77,2036.83,339.05,1931.97,570.48,2141.7,0.8941
0,single_car_video_1_speed_1V_1_header.mp4,90,458.57,2031.25,343.52,1925.88,573.63,2136.61,0.8996
0,single_car_video_1_speed_1V_1_header.mp4,91,467.67,2027.55,354.2,1922.16,581.14,2132.94,0.9081
0,single_car_video_1_speed_1V_1_header.mp4,92,474.3,2022.24,359.65,1912.65,588.95,2131.83,0.8846
0,single_car_video_1_speed_1V_1_header.mp4,93,477.24,2020.71,361.85,1912.77,592.64,2128.65,0.906
0,single_car_video_1_speed_1V_1_header.mp4,94,481.23,2017.94,367.23,1910.14,595.23,2125.74,0.9079
0,single_car_video_1_speed_1V_1_header.mp4,95,484.34,2012.06,371.4,1906.35,597.29,2117.77,0.9079
0,single_car_video_1_speed_1V_1_header.mp4,96,491.62,2007.89,374.86,1897.73,608.37,2118.06,0.8735
0,single_car_video_1_speed_1V_1_header.mp4,97,496.09,2000.03,379.39,1888.78,612.79,2111.28,0.879
0,single_car_video_1_speed_1V_1_header.mp4,98,502.05,1998.23,388.02,1886.19,616.08,2110.28,0.8873
0,single_car_video_1_speed_1V_1_header.mp4,99,504.96,1994.32,388.81,1880.84,621.11,2107.8,0.8931
0,single_car_video_1_speed_1V_1_header.mp4,100,509.83,1991.58,393.37,1880.75,626.28,2102.42,0.8894
0,single_car_video_1_speed_1V_1_header.mp4,101,514.75,1985.87,399.58,1873.45,629.91,2098.3,0.8952
0,single_car_video_1_speed_1V_1_header.mp4,102,523.39,1983.1,409.8,1874.55,636.97,2091.66,0.8911
0,single_car_video_1_speed_1V_1_header.mp4,103,527.9,1980.02,412.52,1870.7,643.28,2089.33,0.8879
0,single_car_video_1_speed_1V_1_header.mp4,104,530.84,1976.96,414.67,1868.69,647.01,2085.22,0.89
0,single_car_video_1_speed_1V_1_header.mp4,105,536.89,1974.85,423.11,1866.79,650.68,2082.9,0.9085
0,single_car_video_1_speed_1V_1_header.mp4,106,539.85,1972.37,426.58,1865.04,653.12,2079.71,0.9136
0,single_car_video_1_speed_1V_1_header.mp4,107,545.47,1965.41,432.4,1858.97,658.54,2071.85,0.8918
0,single_car_video_1_speed_1V_1_header.mp4,108,550.6,1961.49,435.72,1853.91,665.49,2069.06,0.8819
0,single_car_video_1_speed_1V_1_header.mp4,109,553.07,1959.81,438.26,1851.44,667.87,2068.19,0.8714
0,single_car_video_1_speed_1V_1_header.mp4,110,559.51,1956.9,444.12,1850.59,674.9,2063.21,0.9028
0,single_car_video_1_speed_1V_1_header.mp4,111,564.83,1956.89,449.78,1852.99,679.89,2060.78,0.9078
0,single_car_video_1_speed_1V_1_header.mp4,112,572.28,1952.32,459.39,1846.84,685.18,2057.81,0.8957
0,single_car_video_1_speed_1V_1_header.mp4,113,578.33,1947.52,464.84,1840.09,691.82,2054.94,0.8925
0,single_car_video_1_speed_1V_1_header.mp4,114,582.11,1944.08,468.97,1835.1,695.25,2053.06,0.8813
0,single_car_video_1_speed_1V_1_header.mp4,115,584.86,1939.07,472.14,1832.2,697.58,2045.93,0.8756
0,single_car_video_1_speed_1V_1_header.mp4,116,587.99,1938.3,477.06,1831.79,698.92,2044.81,0.886
0,single_car_video_1_speed_1V_1_header.mp4,117,590.91,1934.77,476.99,1823.13,704.84,2046.41,0.9045
0,single_car_video_1_speed_1V_1_header.mp4,118,596.87,1931.56,481.31,1820.94,712.44,2042.18,0.9106
0,single_car_video_1_speed_1V_1_header.mp4,119,601.72,1924.22,488.16,1819.65,715.28,2028.79,0.9136
0,single_car_video_1_speed_1V_1_header.mp4,120,604.2,1921.58,491.04,1814.9,717.37,2028.25,0.9098
0,single_car_video_1_speed_1V_1_header.mp4,121,610.73,1921.54,495.06,1814.94,726.4,2028.14,0.9074
0,single_car_video_1_speed_1V_1_header.mp4,122,614.06,1917.5,497.74,1810.87,730.37,2024.13,0.9118
0,single_car_video_1_speed_1V_1_header.mp4,123,622.89,1915.29,508.8,1809.63,736.98,2020.94,0.9082
0,single_car_video_1_speed_1V_1_header.mp4,124,629.93,1910.63,517.09,1807.53,742.76,2013.73,0.9165
0,single_car_video_1_speed_1V_1_header.mp4,125,633.3,1906.08,521.03,1806.71,745.57,2005.46,0.9141
0,single_car_video_1_speed_1V_1_header.mp4,126,635.88,1903.97,524.61,1804.13,747.14,2003.81,0.9082
0,single_car_video_1_speed_1V_1_header.mp4,127,639.43,1899.6,527.56,1796.77,751.3,2002.42,0.8952
0,single_car_video_1_speed_1V_1_header.mp4,128,642.03,1894.84,530.94,1792.06,753.12,1997.62,0.868
0,single_car_video_1_speed_1V_1_header.mp4,129,649.87,1891.71,535.11,1784.99,764.62,1998.43,0.8792
0,single_car_video_1_speed_1V_1_header.mp4,130,653.84,1887.75,539.78,1782.1,767.91,1993.4,0.8867
0,single_car_video_1_speed_1V_1_header.mp4,131,658.12,1881.96,545.98,1778.25,770.27,1985.68,0.8891
0,single_car_video_1_speed_1V_1_header.mp4,132,660.93,1879.0,548.99,1776.93,772.87,1981.08,0.8946
0,single_car_video_1_speed_1V_1_header.mp4,133,667.61,1874.5,557.93,1771.38,777.28,1977.62,0.8916
0,single_car_video_1_speed_1V_1_header.mp4,134,671.75,1872.33,561.51,1770.13,781.99,1974.52,0.8865
0,single_car_video_1_speed_1V_1_header.mp4,135,678.27,1868.96,566.65,1763.58,789.88,1974.33,0.8748
0,single_car_video_1_speed_1V_1_header.mp4,136,684.58,1863.69,573.77,1759.69,795.38,1967.7,0.9066
0,single_car_video_1_speed_1V_1_header.mp4,137,688.91,1862.18,577.46,1759.25,800.36,1965.1,0.9172
0,single_car_video_1_speed_1V_1_header.mp4,138,691.69,1860.23,579.26,1756.66,804.12,1963.79,0.9083
0,single_car_video_1_speed_1V_1_header.mp4,139,699.54,1854.89,588.4,1750.63,810.67,1959.15,0.882
0,single_car_video_1_speed_1V_1_header.mp4,140,704.05,1850.92,593.33,1745.1,814.77,1956.75,0.8782
0,single_car_video_1_speed_1V_1_header.mp4,141,707.04,1843.77,596.03,1737.94,818.06,1949.61,0.8704
0,single_car_video_1_speed_1V_1_header.mp4,142,712.35,1838.4,604.72,1733.36,819.97,1943.45,0.8742
0,single_car_video_1_speed_1V_1_header.mp4,143,714.23,1831.71,605.06,1727.42,823.41,1936.0,0.8805
0,single_car_video_1_speed_1V_1_header.mp4,144,722.05,1830.92,617.18,1726.56,826.92,1935.28,0.8856
0,single_car_video_1_speed_1V_1_header.mp4,145,723.78,1825.06,618.25,1719.81,829.31,1930.31,0.8894
0,single_car_video_1_speed_1V_1_header.mp4,146,727.53,1821.92,621.74,1714.32,833.32,1929.53,0.8845
0,single_car_video_1_speed_1V_1_header.mp4,147,735.05,1816.67,626.91,1708.61,843.19,1924.73,0.9006
0,single_car_video_1_speed_1V_1_header.mp4,148,735.13,1811.2,630.45,1706.58,839.82,1915.82,0.9125
0,single_car_video_1_speed_1V_1_header.mp4,149,740.16,1808.04,632.67,1701.35,847.65,1914.74,0.922
0,single_car_video_1_speed_1V_1_header.mp4,150,744.72,1803.85,637.49,1694.45,851.94,1913.25,0.9155
0,single_car_video_1_speed_1V_1_header.mp4,151,749.41,1799.33,643.69,1686.58,855.13,1912.09,0.9036
0,single_car_video_1_speed_1V_1_header.mp4,152,752.06,1796.77,646.69,1684.55,857.44,1908.99,0.8885
0,single_car_video_1_speed_1V_1_header.mp4,153,752.52,1794.43,647.63,1681.6,857.4,1907.27,0.8871
0,single_car_video_1_speed_1V_1_header.mp4,154,756.24,1785.61,652.6,1672.78,859.89,1898.45,0.8813
0,single_car_video_1_speed_1V_1_header.mp4,155,763.53,1779.72,662.76,1670.07,864.3,1889.36,0.8901
0,single_car_video_1_speed_1V_1_header.mp4,156,765.44,1776.02,665.08,1665.07,865.79,1886.98,0.8918
0,single_car_video_1_speed_1V_1_header.mp4,157,766.49,1770.62,666.25,1660.92,866.74,1880.33,0.899
0,single_car_video_1_speed_1V_1_header.mp4,158,768.72,1766.82,668.69,1655.77,868.75,1877.86,0.8951
0,single_car_video_1_speed_1V_1_header.mp4,159,772.36,1762.98,671.62,1649.85,873.09,1876.11,0.8955
0,single_car_video_1_speed_1V_1_header.mp4,160,776.32,1756.63,676.43,1644.6,876.21,1868.66,0.8878
0,single_car_video_1_speed_1V_1_header.mp4,161,779.18,1750.26,680.74,1640.32,877.61,1860.2,0.8923
0,single_car_video_1_speed_1V_1_header.mp4,162,780.55,1744.81,683.39,1631.4,877.71,1858.22,0.894
0,single_car_video_1_speed_1V_1_header.mp4,163,783.17,1742.87,684.86,1629.0,881.49,1856.74,0.8891
0,single_car_video_1_speed_1V_1_header.mp4,164,786.66,1738.96,687.75,1625.68,885.56,1852.24,0.8786
0,single_car_video_1_speed_1V_1_header.mp4,165,790.66,1732.49,694.3,1614.24,887.03,1850.73,0.8968
0,single_car_video_1_speed_1V_1_header.mp4,166,792.98,1728.53,697.05,1611.51,888.9,1845.55,0.9018
0,single_car_video_1_speed_1V_1_header.mp4,167,794.93,1724.01,697.78,1608.71,892.08,1839.31,0.9002
0,single_car_video_1_speed_1V_1_header.mp4,168,797.34,1718.22,703.48,1605.16,891.19,1831.28,0.8992
0,single_car_video_1_speed_1V_1_header.mp4,169,806.71,1711.81,710.31,1600.4,903.11,1823.22,0.904
0,single_car_video_1_speed_1V_1_header.mp4,170,807.45,1706.08,711.87,1593.12,903.04,1819.05,0.9074
0,single_car_video_1_speed_1V_1_header.mp4,171,810.44,1699.59,714.31,1584.88,906.56,1814.29,0.8994
0,single_car_video_1_speed_1V_1_header.mp4,172,812.47,1695.63,716.15,1579.84,908.79,1811.41,0.8877
0,single_car_video_1_speed_1V_1_header.mp4,173,816.64,1692.5,720.88,1577.87,912.39,1807.13,0.873
0,single_car_video_1_speed_1V_1_header.mp4,174,817.55,1686.64,723.91,1570.57,911.19,1802.71,0.8707
0,single_car_video_1_speed_1V_1_header.mp4,175,819.82,1682.7,727.56,1567.85,912.08,1797.56,0.87
0,single_car_video_1_speed_1V_1_header.mp4,176,821.44,1675.01,730.16,1559.23,912.72,1790.79,0.8668
0,single_car_video_1_speed_1V_1_header.mp4,177,824.53,1671.06,735.84,1554.53,913.22,1787.59,0.8548
0,single_car_video_1_speed_1V_1_header.mp4,178,826.05,1667.17,738.62,1550.89,913.48,1783.45,0.8533
0,single_car_video_1_speed_1V_1_header.mp4,179,826.89,1658.79,738.44,1540.28,915.34,1777.3,0.8569
0,single_car_video_1_speed_1V_1_header.mp4,180,827.83,1653.07,737.49,1532.93,918.17,1773.22,0.8606
0,single_car_video_1_speed_1V_1_header.mp4,181,830.86,1649.51,741.74,1530.12,919.98,1768.91,0.8674
0,single_car_video_1_speed_1V_1_header.mp4,182,831.73,1643.02,742.96,1528.37,920.51,1757.67,0.8699
0,single_car_video_1_speed_1V_1_header.mp4,183,832.79,1640.06,744.11,1524.4,921.47,1755.71,0.876
0,single_car_video_1_speed_1V_1_header.mp4,184,834.01,1634.09,746.01,1517.68,922.01,1750.5,0.8771
0,single_car_video_1_speed_1V_1_header.mp4,185,835.38,1629.56,748.66,1513.45,922.1,1745.66,0.8843
0,single_car_video_1_speed_1V_1_header.mp4,186,839.46,1622.89,753.99,1506.12,924.93,1739.65,0.8905
0,single_car_video_1_speed_1V_1_header.mp4,187,842.95,1614.24,761.27,1497.9,924.62,1730.58,0.8869
0,single_car_video_1_speed_1V_1_header.mp4,188,844.11,1608.35,762.89,1489.13,925.32,1727.56,0.8728
0,single_car_video_1_speed_1V_1_header.mp4,189,845.37,1605.0,762.26,1488.19,928.49,1721.81,0.869
0,single_car_video_1_speed_1V_1_header.mp4,190,847.21,1600.48,765.22,1480.63,929.2,1720.33,0.8698
0,single_car_video_1_speed_1V_1_header.mp4,191,848.34,1592.23,767.61,1477.37,929.08,1707.09,0.8414
0,single_car_video_1_speed_1V_1_header.mp4,192,849.62,1589.0,768.89,1473.06,930.34,1704.95,0.8489
0,single_car_video_1_speed_1V_1_header.mp4,193,851.07,1581.9,770.53,1464.25,931.6,1699.55,0.8609
0,single_car_video_1_speed_1V_1_header.mp4,194,853.83,1576.35,779.32,1459.21,928.34,1693.48,0.8485
0,single_car_video_1_speed_1V_1_header.mp4,195,854.45,1572.6,780.0,1455.07,928.89,1690.12,0.8422
0,single_car_video_1_speed_1V_1_header.mp4,196,855.6,1567.62,778.64,1451.45,932.55,1683.79,0.8401
0,single_car_video_1_speed_1V_1_header.mp4,197,855.23,1564.96,778.78,1448.41,931.68,1681.52,0.8609
0,single_car_video_1_speed_1V_1_header.mp4,198,856.33,1557.03,781.91,1442.26,930.76,1671.81,0.8646
0,single_car_video_1_speed_1V_1_header.mp4,199,857.23,1548.34,784.2,1428.6,930.27,1668.09,0.8665
0,single_car_video_1_speed_1V_1_header.mp4,200,856.49,1541.07,784.81,1425.89,928.17,1656.24,0.8209
0,single_car_video_1_speed_1V_1_header.mp4,201,857.79,1537.86,786.87,1422.29,928.71,1653.43,0.8197
0,single_car_video_1_speed_1V_1_header.mp4,202,857.37,1536.11,786.04,1420.55,928.7,1651.66,0.8865
0,single_car_video_1_speed_1V_1_header.mp4,203,858.76,1522.95,788.5,1400.08,929.03,1645.82,0.8523
0,single_car_video_1_speed_1V_1_header.mp4,204,858.25,1522.66,790.99,1406.32,925.51,1638.99,0.825
0,single_car_video_1_speed_1V_1_header.mp4,205,861.22,1516.89,793.57,1400.07,928.88,1633.71,0.8183
0,single_car_video_1_speed_1V_1_header.mp4,206,861.12,1512.15,792.43,1394.52,929.8,1629.78,0.845
0,single_car_video_1_speed_1V_1_header.mp4,207,860.97,1504.59,793.37,1386.29,928.58,1622.89,0.9083
0,single_car_video_1_speed_1V_1_header.mp4,208,859.09,1498.22,794.35,1376.64,923.83,1619.79,0.9071
0,single_car_video_1_speed_1V_1_header.mp4,209,860.43,1492.9,798.26,1372.81,922.59,1612.99,0.8504
0,single_car_video_1_speed_1V_1_header.mp4,210,862.6,1488.71,800.96,1373.86,924.25,1603.55,0.8334
0,single_car_video_1_speed_1V_1_header.mp4,211,863.87,1487.1,803.13,1372.71,924.6,1601.49,0.9306
0,single_car_video_1_speed_1V_1_header.mp4,212,863.27,1476.33,801.1,1357.55,925.44,1595.11,0.8817
0,single_car_video_1_speed_1V_1_header.mp4,213,861.05,1475.83,800.6,1361.21,921.51,1590.44,0.849
0,single_car_video_1_speed_1V_1_header.mp4,214,861.28,1468.48,801.31,1353.58,921.25,1583.38,0.8367
0,single_car_video_1_speed_1V_1_header.mp4,215,864.35,1464.53,804.59,1345.34,924.11,1583.72,0.906
0,single_car_video_1_speed_1V_1_header.mp4,216,862.54,1458.1,805.08,1344.04,920.01,1572.16,0.9586
0,single_car_video_1_speed_1V_1_header.mp4,217,861.13,1449.38,804.68,1330.61,917.58,1568.15,0.9427
0,single_car_video_1_speed_1V_1_header.mp4,218,862.43,1444.71,805.44,1327.64,919.43,1561.79,0.8951
0,single_car_video_1_speed_1V_1_header.mp4,219,862.47,1440.52,805.95,1323.45,918.98,1557.59,0.9087
0,single_car_video_1_speed_1V_1_header.mp4,220,862.4,1437.41,805.88,1321.72,918.93,1553.1,0.938
0,single_car_video_1_speed_1V_1_header.mp4,221,861.78,1431.82,806.32,1318.59,917.25,1545.06,0.9488
0,single_car_video_1_speed_1V_1_header.mp4,222,861.85,1422.75,805.8,1302.75,917.91,1542.74,0.8992
0,single_car_video_1_speed_1V_1_header.mp4,223,861.09,1416.64,806.39,1297.62,915.79,1535.66,0.8417
0,single_car_video_1_speed_1V_1_header.mp4,224,861.8,1413.32,806.06,1296.15,917.54,1530.48,0.9241
0,single_car_video_1_speed_1V_1_header.mp4,225,861.88,1409.13,804.77,1293.42,918.98,1524.85,0.9456
0,single_car_video_1_speed_1V_1_header.mp4,226,861.73,1403.47,804.2,1288.95,919.25,1517.99,0.9444
0,single_car_video_1_speed_1V_1_header.mp4,227,860.85,1397.08,803.02,1279.22,918.69,1514.94,0.9146
0,single_car_video_1_speed_1V_1_header.mp4,228,859.04,1388.99,801.11,1272.04,916.97,1505.95,0.9054
0,single_car_video_1_speed_1V_1_header.mp4,229,859.76,1386.53,800.42,1270.5,919.1,1502.55,0.9142
0,single_car_video_1_speed_1V_1_header.mp4,230,858.05,1383.5,800.23,1269.56,915.86,1497.43,0.9271
0,single_car_video_1_speed_1V_1_header.mp4,231,857.95,1378.27,799.66,1263.03,916.23,1493.51,0.919
0,single_car_video_1_speed_1V_1_header.mp4,232,855.57,1374.47,795.89,1259.87,915.24,1489.06,0.8299
0,single_car_video_1_speed_1V_1_header.mp4,233,854.52,1363.24,796.19,1247.33,912.84,1479.16,0.8674
0,single_car_video_1_speed_1V_1_header.mp4,234,855.26,1359.49,795.0,1244.03,915.51,1474.94,0.9086
0,single_car_video_1_speed_1V_1_header.mp4,235,853.8,1357.23,793.12,1242.87,914.48,1471.58,0.9206
0,single_car_video_1_speed_1V_1_header.mp4,236,852.38,1353.77,792.16,1240.63,912.6,1466.91,0.9112
0,single_car_video_1_speed_1V_1_header.mp4,237,849.71,1350.52,789.09,1239.24,910.32,1461.81,0.867
0,single_car_video_1_speed_1V_1_header.mp4,238,849.0,1339.62,785.64,1227.53,912.35,1451.7,0.817
0,single_car_video_1_speed_1V_1_header.mp4,239,846.4,1336.94,783.43,1222.01,909.37,1451.88,0.8304
0,single_car_video_1_speed_1V_1_header.mp4,240,845.82,1333.46,782.46,1220.14,909.18,1446.77,0.9024
0,single_car_video_1_speed_1V_1_header.mp4,241,845.68,1328.56,780.7,1217.02,910.67,1440.11,0.8791
0,single_car_video_1_speed_1V_1_header.mp4,242,841.99,1322.46,778.37,1209.32,905.6,1435.61,0.8356
0,single_car_video_1_speed_1V_1_header.mp4,243,841.87,1318.13,777.36,1207.91,906.39,1428.35,0.8255
0,single_car_video_1_speed_1V_1_header.mp4,244,840.12,1309.19,773.47,1194.55,906.78,1423.84,0.8743
0,single_car_video_1_speed_1V_1_header.mp4,245,836.58,1306.28,769.91,1192.52,903.24,1420.04,0.917
0,single_car_video_1_speed_1V_1_header.mp4,246,835.36,1302.75,772.08,1191.7,898.65,1413.81,0.8562
0,single_car_video_1_speed_1V_1_header.mp4,247,835.36,1300.1,770.25,1188.06,900.48,1412.15,0.8709
0,single_car_video_1_speed_1V_1_header.mp4,248,832.08,1289.89,762.82,1179.46,901.33,1400.33,0.8834
0,single_car_video_1_speed_1V_1_header.mp4,249,830.51,1285.07,759.7,1173.07,901.33,1397.07,0.9263
0,single_car_video_1_speed_1V_1_header.mp4,250,830.29,1282.73,758.93,1169.5,901.65,1395.96,0.9044
0,single_car_video_1_speed_1V_1_header.mp4,251,821.8,1279.34,748.99,1165.59,894.61,1393.09,0.8546
0,single_car_video_1_speed_1V_1_header.mp4,252,819.99,1274.97,745.17,1162.84,894.81,1387.09,0.8448
0,single_car_video_1_speed_1V_1_header.mp4,253,818.86,1271.53,743.25,1159.78,894.46,1383.28,0.8519
0,single_car_video_1_speed_1V_1_header.mp4,254,816.86,1264.79,740.69,1156.67,893.03,1372.91,0.8539
0,single_car_video_1_speed_1V_1_header.mp4,255,819.95,1259.06,745.85,1147.07,894.04,1371.06,0.8809
0,single_car_video_1_speed_1V_1_header.mp4,256,815.11,1255.34,737.52,1144.08,892.7,1366.6,0.8551
0,single_car_video_1_speed_1V_1_header.mp4,257,811.63,1250.69,733.76,1139.95,889.5,1361.44,0.8572
0,single_car_video_1_speed_1V_1_header.mp4,258,808.47,1248.01,730.36,1137.69,886.58,1358.33,0.8568
0,single_car_video_1_speed_1V_1_header.mp4,259,809.59,1240.99,731.41,1132.39,887.78,1349.6,0.8817
0,single_car_video_1_speed_1V_1_header.mp4,260,803.62,1236.65,722.74,1125.42,884.5,1347.88,0.8583
0,single_car_video_1_speed_1V_1_header.mp4,261,801.04,1232.8,717.6,1119.7,884.49,1345.91,0.8698
0,single_car_video_1_speed_1V_1_header.mp4,262,798.21,1229.37,717.17,1120.76,879.25,1337.98,0.8598
0,single_car_video_1_speed_1V_1_header.mp4,263,799.24,1227.01,720.16,1117.11,878.33,1336.9,0.8529
0,single_car_video_1_speed_1V_1_header.mp4,264,797.09,1220.16,716.4,1109.4,877.78,1330.92,0.8634
0,single_car_video_1_speed_1V_1_header.mp4,265,789.11,1216.67,703.86,1105.68,874.37,1327.66,0.8733
0,single_car_video_1_speed_1V_1_header.mp4,266,787.5,1212.29,700.87,1102.32,874.14,1322.26,0.8752
0,single_car_video_1_speed_1V_1_header.mp4,267,782.19,1210.18,695.54,1099.08,868.85,1321.29,0.8748
0,single_car_video_1_speed_1V_1_header.mp4,268,779.44,1206.01,691.98,1096.52,866.89,1315.49,0.8791
0,single_car_video_1_speed_1V_1_header.mp4,269,775.23,1200.79,690.45,1088.91,860.01,1312.67,0.8778
0,single_car_video_1_speed_1V_1_header.mp4,270,771.69,1198.24,687.02,1088.86,856.37,1307.62,0.884
0,single_car_video_1_speed_1V_1_header.mp4,271,768.38,1192.22,684.41,1085.24,852.34,1299.2,0.8823
0,single_car_video_1_speed_1V_1_header.mp4,272,766.7,1189.14,682.28,1083.85,851.11,1294.43,0.8722
0,single_car_video_1_speed_1V_1_header.mp4,273,765.97,1187.4,680.58,1081.13,851.37,1293.67,0.8782
0,single_car_video_1_speed_1V_1_header.mp4,274,763.08,1183.7,677.8,1079.27,848.36,1288.14,0.8885
0,single_car_video_1_speed_1V_1_header.mp4,275,759.5,1180.5,672.98,1076.94,846.03,1284.06,0.8955
0,single_car_video_1_speed_1V_1_header.mp4,276,757.7,1175.96,672.17,1073.7,843.23,1278.22,0.8781
0,single_car_video_1_speed_1V_1_header.mp4,277,751.65,1170.86,664.2,1067.74,839.1,1273.97,0.8666
0,single_car_video_1_speed_1V_1_header.mp4,278,748.22,1165.37,658.41,1062.63,838.03,1268.1,0.878
0,single_car_video_1_speed_1V_1_header.mp4,279,743.38,1162.98,651.99,1061.13,834.76,1264.83,0.8912
0,single_car_video_1_speed_1V_1_header.mp4,280,740.03,1159.17,648.37,1057.74,831.69,1260.61,0.9049
0,single_car_video_1_speed_1V_1_header.mp4,281,736.26,1155.03,646.61,1051.78,825.91,1258.28,0.9074
0,single_car_video_1_speed_1V_1_header.mp4,282,729.77,1151.91,640.63,1047.91,818.9,1255.91,0.9006
0,single_car_video_1_speed_1V_1_header.mp4,283,728.19,1148.84,638.42,1045.63,817.96,1252.06,0.8916
0,single_car_video_1_speed_1V_1_header.mp4,284,727.25,1144.63,636.6,1041.66,817.9,1247.61,0.8873
0,single_car_video_1_speed_1V_1_header.mp4,285,726.07,1140.19,635.01,1035.13,817.12,1245.25,0.8812
0,single_car_video_1_speed_1V_1_header.mp4,286,725.83,1136.78,633.38,1032.75,818.28,1240.82,0.8867
0,single_car_video_1_speed_1V_1_header.mp4,287,723.36,1132.66,632.69,1027.59,814.03,1237.72,0.8745
0,single_car_video_1_speed_1V_1_header.mp4,288,721.17,1131.35,631.61,1027.56,810.72,1235.13,0.8634
0,single_car_video_1_speed_1V_1_header.mp4,289,717.28,1126.43,629.13,1023.74,805.44,1229.12,0.8719
0,single_car_video_1_speed_1V_1_header.mp4,290,715.22,1121.44,627.8,1022.57,802.64,1220.31,0.8562
0,single_car_video_1_speed_1V_1_header.mp4,291,712.94,1116.38,622.61,1015.79,803.27,1216.98,0.8584
0,single_car_video_1_speed_1V_1_header.mp4,292,710.09,1113.66,620.85,1011.56,799.32,1215.77,0.8599
0,single_car_video_1_speed_1V_1_header.mp4,293,707.1,1107.78,618.61,1006.08,795.59,1209.47,0.8782
0,single_car_video_1_speed_1V_1_header.mp4,294,702.63,1102.7,616.25,999.99,789.0,1205.4,0.8955
0,single_car_video_1_speed_1V_1_header.mp4,295,700.94,1098.72,613.19,995.41,788.68,1202.03,0.8957
0,single_car_video_1_speed_1V_1_header.mp4,296,697.69,1097.4,609.07,996.65,786.3,1198.16,0.9023
0,single_car_video_1_speed_1V_1_header.mp4,297,695.27,1093.36,605.95,993.13,784.58,1193.59,0.8782
0,single_car_video_1_speed_1V_1_header.mp4,298,691.53,1089.29,603.66,988.91,779.41,1189.67,0.8695
0,single_car_video_1_speed_1V_1_header.mp4,299,689.42,1083.55,600.77,982.29,778.07,1184.81,0.8667
0,single_car_video_1_speed_1V_1_header.mp4,300,686.77,1080.18,596.15,977.63,777.39,1182.73,0.8693
0,single_car_video_1_speed_1V_1_header.mp4,301,684.33,1077.19,594.45,974.95,774.22,1179.43,0.8569
0,single_car_video_1_speed_1V_1_header.mp4,302,684.96,1070.01,594.17,967.23,775.76,1172.78,0.861
0,single_car_video_1_speed_1V_1_header.mp4,303,680.74,1066.59,590.34,965.64,771.15,1167.54,0.8639
0,single_car_video_1_speed_1V_1_header.mp4,304,676.22,1064.42,584.74,964.09,767.69,1164.76,0.869
0,single_car_video_1_speed_1V_1_header.mp4,305,672.54,1061.24,581.89,960.75,763.18,1161.74,0.8699
0,single_car_video_1_speed_1V_1_header.mp4,306,670.56,1059.57,580.91,959.27,760.21,1159.86,0.8769
0,single_car_video_1_speed_1V_1_header.mp4,307,669.46,1055.77,579.03,953.78,759.88,1157.76,0.8924
0,single_car_video_1_speed_1V_1_header.mp4,308,665.79,1053.13,577.75,950.78,753.84,1155.48,0.8852
0,single_car_video_1_speed_1V_1_header.mp4,309,661.47,1045.77,573.91,942.43,749.04,1149.1,0.8895
0,single_car_video_1_speed_1V_1_header.mp4,310,658.22,1040.66,570.72,940.02,745.71,1141.3,0.8878
0,single_car_video_1_speed_1V_1_header.mp4,311,655.8,1039.69,566.54,939.09,745.05,1140.29,0.8796
0,single_car_video_1_speed_1V_1_header.mp4,312,654.21,1037.63,566.01,935.71,742.41,1139.56,0.8863
0,single_car_video_1_speed_1V_1_header.mp4,313,652.3,1035.14,563.98,935.53,740.61,1134.74,0.8819
0,single_car_video_1_speed_1V_1_header.mp4,314,651.34,1030.32,564.86,930.85,737.82,1129.79,0.8782
0,single_car_video_1_speed_1V_1_header.mp4,315,650.02,1025.16,562.26,925.63,737.78,1124.69,0.8651
0,single_car_video_1_speed_1V_1_header.mp4,316,645.2,1017.48,555.84,916.16,734.56,1118.81,0.8616
0,single_car_video_1_speed_1V_1_header.mp4,317,641.96,1013.9,550.32,913.41,733.6,1114.39,0.8695
0,single_car_video_1_speed_1V_1_header.mp4,318,640.89,1009.99,549.49,911.26,732.3,1108.73,0.8809
0,single_car_video_1_speed_1V_1_header.mp4,319,638.05,1007.12,546.84,907.68,729.26,1106.57,0.8893
0,single_car_video_1_speed_1V_1_header.mp4,320,635.81,1005.67,544.32,907.06,727.29,1104.28,0.8991
0,single_car_video_1_speed_1V_1_header.mp4,321,629.32,1002.13,538.97,902.37,719.67,1101.89,0.8971
0,single_car_video_1_speed_1V_1_header.mp4,322,626.07,996.47,535.92,895.82,716.22,1097.12,0.8968
0,single_car_video_1_speed_1V_1_header.mp4,323,624.75,992.38,534.56,891.78,714.93,1092.98,0.8907
0,single_car_video_1_speed_1V_1_header.mp4,324,622.07,988.8,533.17,889.02,710.97,1088.59,0.89
0,single_car_video_1_speed_1V_1_header.mp4,325,619.8,984.7,532.23,884.83,707.37,1084.58,0.8772
0,single_car_video_1_speed_1V_1_header.mp4,326,618.13,982.08,530.31,882.95,705.96,1081.21,0.8763
0,single_car_video_1_speed_1V_1_header.mp4,327,615.7,981.74,531.0,881.88,700.4,1081.6,0.8859
0,single_car_video_1_speed_1V_1_header.mp4,328,614.12,977.22,530.51,878.56,697.73,1075.88,0.9063
0,single_car_video_1_speed_1V_1_header.mp4,329,611.83,973.67,529.44,874.86,694.21,1072.49,0.9031
0,single_car_video_1_speed_1V_1_header.mp4,330,605.61,965.38,519.06,866.83,692.17,1063.92,0.8487
0,single_car_video_1_speed_1V_1_header.mp4,331,604.63,963.55,520.12,862.47,689.14,1064.64,0.8946
0,single_car_video_1_speed_1V_1_header.mp4,332,602.34,961.27,517.35,862.33,687.32,1060.2,0.8966
0,single_car_video_1_speed_1V_1_header.mp4,333,599.19,954.8,513.4,856.83,684.98,1052.77,0.8741
0,single_car_video_1_speed_1V_1_header.mp4,334,597.28,951.22,511.65,853.69,682.92,1048.76,0.8823
0,single_car_video_1_speed_1V_1_header.mp4,335,594.01,946.37,505.82,846.47,682.2,1046.27,0.9035
0,single_car_video_1_speed_1V_1_header.mp4,336,591.79,943.29,503.85,843.3,679.74,1043.28,0.899
0,single_car_video_1_speed_1V_1_header.mp4,337,586.89,940.24,498.38,842.86,675.4,1037.62,0.8846
0,single_car_video_1_speed_1V_1_header.mp4,338,582.96,936.75,494.93,839.23,670.98,1034.27,0.8685
0,single_car_video_1_speed_1V_1_header.mp4,339,582.58,933.17,500.46,835.3,664.69,1031.04,0.872
0,single_car_video_1_speed_1V_1_header.mp4,340,581.71,928.28,500.28,833.49,663.14,1023.07,0.8628
0,single_car_video_1_speed_1V_1_header.mp4,341,578.27,925.4,490.06,828.48,666.49,1022.33,0.8482
0,single_car_video_1_speed_1V_1_header.mp4,342,578.83,922.67,493.86,826.76,663.79,1018.58,0.8634
0,single_car_video_1_speed_1V_1_header.mp4,343,574.83,914.91,485.18,815.23,664.47,1014.6,0.8334
0,single_car_video_1_speed_1V_1_header.mp4,344,569.32,912.48,481.25,814.1,657.4,1010.86,0.8406
0,single_car_video_1_speed_1V_1_header.mp4,345,565.39,909.95,484.11,810.34,646.67,1009.57,0.8705
0,single_car_video_1_speed_1V_1_header.mp4,346,564.62,906.83,482.32,808.73,646.92,1004.93,0.8921
0,single_car_video_1_speed_1V_1_header.mp4,347,562.73,904.7,479.94,807.49,645.51,1001.9,0.9081
0,single_car_video_1_speed_1V_1_header.mp4,348,559.44,899.32,474.16,801.44,644.72,997.2,0.884
0,single_car_video_1_speed_1V_1_header.mp4,349,556.99,893.83,471.43,793.66,642.56,994.0,0.884
0,single_car_video_1_speed_1V_1_header.mp4,350,555.7,890.59,469.89,791.66,641.5,989.52,0.8782
0,single_car_video_1_speed_1V_1_header.mp4,351,551.59,888.42,467.45,789.14,635.73,987.7,0.8782
0,single_car_video_1_speed_1V_1_header.mp4,352,551.4,884.7,466.35,786.02,636.45,983.38,0.8991
0,single_car_video_1_speed_1V_1_header.mp4,353,547.01,880.95,461.13,783.53,632.89,978.37,0.8583
0,single_car_video_1_speed_1V_1_header.mp4,354,545.09,878.12,461.03,782.23,629.15,974.01,0.8647
0,single_car_video_1_speed_1V_1_header.mp4,355,541.29,875.55,455.63,777.8,626.95,973.3,0.8777
0,single_car_video_1_speed_1V_1_header.mp4,356,538.68,869.7,453.07,772.19,624.29,967.22,0.8641
0,single_car_video_1_speed_1V_1_header.mp4,357,537.57,862.94,450.48,764.17,624.67,961.72,0.8452
0,single_car_video_1_speed_1V_1_header.mp4,358,532.22,860.36,450.88,761.88,613.55,958.84,0.8571
0,single_car_video_1_speed_1V_1_header.mp4,359,531.99,857.28,443.91,759.5,620.07,955.05,0.8692
0,single_car_video_1_speed_1V_1_header.mp4,360,529.05,854.16,445.37,758.13,612.73,950.2,0.8977
0,single_car_video_1_speed_1V_1_header.mp4,361,526.76,851.18,442.01,754.29,611.51,948.07,0.8992
0,single_car_video_1_speed_1V_1_header.mp4,362,525.44,846.43,440.44,751.08,610.45,941.78,0.8971
0,single_car_video_1_speed_1V_1_header.mp4,363,520.44,841.2,431.84,742.94,609.04,939.46,0.8971
0,single_car_video_1_speed_1V_1_header.mp4,364,516.98,838.85,431.62,739.56,602.33,938.14,0.8951
0,single_car_video_1_speed_1V_1_header.mp4,365,516.69,836.18,430.59,735.93,602.78,936.44,0.8952
0,single_car_video_1_speed_1V_1_header.mp4,366,513.07,831.88,428.95,734.38,597.19,929.38,0.8798
0,single_car_video_1_speed_1V_1_header.mp4,367,512.57,829.59,429.07,731.08,596.08,928.09,0.8845
0,single_car_video_1_speed_1V_1_header.mp4,368,510.07,826.92,427.87,728.77,592.27,925.07,0.9074
0,single_car_video_1_speed_1V_1_header.mp4,369,507.33,824.1,426.65,727.15,588.01,921.04,0.9168
0,single_car_video_1_speed_1V_1_header.mp4,370,503.43,819.15,420.59,724.01,586.28,914.29,0.8514
0,single_car_video_1_speed_1V_1_header.mp4,371,500.72,812.96,416.24,714.3,585.2,911.62,0.8744
0,single_car_video_1_speed_1V_1_header.mp4,372,498.64,809.86,414.56,710.75,582.72,908.97,0.904
0,single_car_video_1_speed_1V_1_header.mp4,373,495.67,806.82,411.47,709.33,579.87,904.31,0.8734
0,single_car_video_1_speed_1V_1_header.mp4,374,494.57,802.39,408.87,705.82,580.28,898.95,0.8617
0,single_car_video_1_speed_1V_1_header.mp4,375,492.63,800.34,405.44,703.71,579.83,896.98,0.8731
0,single_car_video_1_speed_1V_1_header.mp4,376,489.01,796.96,403.52,699.75,574.5,894.17,0.8904
0,single_car_video_1_speed_1V_1_header.mp4,377,481.88,789.59,399.17,694.5,564.59,884.68,0.8676
0,single_car_video_1_speed_1V_1_header.mp4,378,480.25,786.78,399.0,690.49,561.5,883.06,0.8748
0,single_car_video_1_speed_1V_1_header.mp4,379,479.33,784.78,397.04,686.37,561.61,883.18,0.8738
0,single_car_video_1_speed_1V_1_header.mp4,380,477.02,780.66,394.21,682.97,559.83,878.36,0.8749
0,single_car_video_1_speed_1V_1_header.mp4,381,475.46,777.21,391.23,681.1,559.69,873.31,0.8806
0,single_car_video_1_speed_1V_1_header.mp4,382,473.42,774.53,388.53,679.32,558.3,869.75,0.9011
0,single_car_video_1_speed_1V_1_header.mp4,383,471.72,769.98,383.45,675.45,559.98,864.51,0.8485
0,single_car_video_1_speed_1V_1_header.mp4,384,468.06,765.43,380.88,669.4,555.23,861.47,0.8214
0,single_car_video_1_speed_1V_1_header.mp4,385,463.33,760.53,378.37,663.13,548.29,857.93,0.8347
0,single_car_video_1_speed_1V_1_header.mp4,386,465.67,759.22,378.03,661.7,553.31,856.74,0.8374
0,single_car_video_1_speed_1V_1_header.mp4,387,461.45,755.93,378.77,657.22,544.13,854.64,0.9093
0,single_car_video_1_speed_1V_1_header.mp4,388,458.87,752.39,375.9,654.81,541.84,849.98,0.926
0,single_car_video_1_speed_1V_1_header.mp4,389,457.27,750.36,375.83,653.4,538.71,847.32,0.9345
0,single_car_video_1_speed_1V_1_header.mp4,390,454.75,747.6,372.11,650.86,537.4,844.34,0.9131
0,single_car_video_1_speed_1V_1_header.mp4,391,449.02,740.74,365.24,643.41,532.79,838.08,0.8775
0,single_car_video_1_speed_1V_1_header.mp4,392,447.14,736.51,362.57,638.02,531.71,834.99,0.8762
0,single_car_video_1_speed_1V_1_header.mp4,393,446.88,734.2,362.36,635.27,531.4,833.13,0.8784
0,single_car_video_1_speed_1V_1_header.mp4,394,444.94,730.96,359.11,633.93,530.76,827.99,0.8727
0,single_car_video_1_speed_1V_1_header.mp4,395,441.22,727.59,356.93,632.75,525.52,822.43,0.8555
0,single_car_video_1_speed_1V_1_header.mp4,396,437.37,724.96,351.76,629.31,522.97,820.6,0.8502
0,single_car_video_1_speed_1V_1_header.mp4,397,436.05,722.62,349.6,627.06,522.49,818.18,0.8606
0,single_car_video_1_speed_1V_1_header.mp4,398,435.65,715.9,351.16,621.62,520.14,810.18,0.8256
0,single_car_video_1_speed_1V_1_header.mp4,399,431.48,710.85,345.38,613.73,517.57,807.98,0.8308
0,single_car_video_1_speed_1V_1_header.mp4,400,427.34,709.04,345.75,610.33,508.94,807.75,0.8666
0,single_car_video_1_speed_1V_1_header.mp4,401,424.12,706.92,340.99,608.33,507.26,805.51,0.8797
0,single_car_video_1_speed_1V_1_header.mp4,402,423.24,702.74,339.57,605.57,506.9,799.9,0.909
0,single_car_video_1_speed_1V_1_header.mp4,403,420.59,698.76,337.92,604.58,503.26,792.94,0.8991
0,single_car_video_1_speed_1V_1_header.mp4,404,418.77,697.23,330.17,602.77,507.37,791.69,0.8772
0,single_car_video_1_speed_1V_1_header.mp4,405,416.09,693.29,329.06,597.74,503.11,788.84,0.8894
0,single_car_video_1_speed_1V_1_header.mp4,406,411.95,688.71,329.11,591.4,494.8,786.03,0.8947
0,single_car_video_1_speed_1V_1_header.mp4,407,410.56,685.9,329.07,586.92,492.04,784.89,0.8937
0,single_car_video_1_speed_1V_1_header.mp4,408,409.69,683.3,327.52,585.17,491.86,781.43,0.8854
0,single_car_video_1_speed_1V_1_header.mp4,409,406.69,677.21,326.78,580.13,486.59,774.29,0.9048
0,single_car_video_1_speed_1V_1_header.mp4,410,406.52,674.78,324.58,577.63,488.47,771.92,0.9072
0,single_car_video_1_speed_1V_1_header.mp4,411,404.64,672.02,322.33,575.35,486.94,768.69,0.8853
0,single_car_video_1_speed_1V_1_header.mp4,412,399.72,670.04,316.51,575.89,482.93,764.2,0.8663
0,single_car_video_1_speed_1V_1_header.mp4,413,395.14,665.64,311.44,571.96,478.84,759.33,0.8636
0,single_car_video_1_speed_1V_1_header.mp4,414,395.47,659.9,310.14,562.45,480.81,757.35,0.8644
0,single_car_video_1_speed_1V_1_header.mp4,415,391.81,656.37,307.09,560.57,476.53,752.17,0.8439
0,single_car_video_1_speed_1V_1_header.mp4,416,391.87,652.93,307.25,556.65,476.5,749.22,0.8582
0,single_car_video_1_speed_1V_1_header.mp4,417,386.27,650.72,304.92,553.24,467.62,748.2,0.8994
0,single_car_video_1_speed_1V_1_header.mp4,418,386.27,648.08,304.33,551.32,468.2,744.84,0.8924
0,single_car_video_1_speed_1V_1_header.mp4,419,382.97,645.4,302.23,549.39,463.71,741.4,0.8843
0,single_car_video_1_speed_1V_1_header.mp4,420,376.96,637.19,292.82,541.86,461.09,732.52,0.8573
0,single_car_video_1_speed_1V_1_header.mp4,421,374.82,634.95,288.81,539.76,460.83,730.15,0.8655
0,single_car_video_1_speed_1V_1_header.mp4,422,374.94,633.25,287.09,538.18,462.8,728.32,0.8733
0,single_car_video_1_speed_1V_1_header.mp4,423,372.79,628.88,289.75,531.51,455.84,726.25,0.8952
0,single_car_video_1_speed_1V_1_header.mp4,424,368.66,624.16,288.51,528.98,448.8,719.34,0.8847
0,single_car_video_1_speed_1V_1_header.mp4,425,367.37,622.61,281.09,528.28,453.64,716.94,0.8676
0,single_car_video_1_speed_1V_1_header.mp4,426,364.39,619.8,280.26,525.36,448.52,714.24,0.8638
0,single_car_video_1_speed_1V_1_header.mp4,427,362.38,616.55,278.11,522.88,446.65,710.22,0.8426
0,single_car_video_1_speed_1V_1_header.mp4,428,359.42,611.49,275.52,517.34,443.33,705.64,0.8365
0,single_car_video_1_speed_1V_1_header.mp4,429,359.21,607.36,278.29,509.63,440.13,705.09,0.8687
0,single_car_video_1_speed_1V_1_header.mp4,430,357.12,605.25,276.79,507.05,437.46,703.45,0.8974
0,single_car_video_1_speed_1V_1_header.mp4,431,353.31,602.09,272.97,503.93,433.64,700.25,0.9162
0,single_car_video_1_speed_1V_1_header.mp4,432,351.05,597.98,268.28,501.95,433.83,694.0,0.9065
0,single_car_video_1_speed_1V_1_header.mp4,433,351.43,595.46,268.92,499.77,433.94,691.15,0.8898
0,single_car_video_1_speed_1V_1_header.mp4,434,345.33,592.19,261.08,496.41,429.57,687.97,0.8593
0,single_car_video_1_speed_1V_1_header.mp4,435,343.06,586.14,258.86,492.8,427.27,679.48,0.841
0,single_car_video_1_speed_1V_1_header.mp4,436,341.88,582.58,260.53,487.72,423.24,677.44,0.8496
0,single_car_video_1_speed_1V_1_header.mp4,437,339.82,579.76,255.94,482.78,423.69,676.74,0.8581
0,single_car_video_1_speed_1V_1_header.mp4,438,337.1,577.56,252.51,480.97,421.69,674.14,0.856
0,single_car_video_1_speed_1V_1_header.mp4,439,332.05,574.57,247.8,478.61,416.29,670.54,0.8439
0,single_car_video_1_speed_1V_1_header.mp4,440,330.97,572.3,246.19,475.93,415.75,668.66,0.8484
0,single_car_video_1_speed_1V_1_header.mp4,441,330.47,570.97,245.02,474.58,415.93,667.35,0.8451
0,single_car_video_1_speed_1V_1_header.mp4,442,327.11,568.31,239.96,472.18,414.27,664.44,0.8428
0,single_car_video_1_speed_1V_1_header.mp4,443,324.8,562.88,236.32,469.16,413.28,656.6,0.8346
0,single_car_video_1_speed_1V_1_header.mp4,444,324.14,558.28,237.22,461.34,411.06,655.21,0.8308
0,single_car_video_1_speed_1V_1_header.mp4,445,323.29,553.82,235.77,457.63,410.81,650.01,0.8396
0,single_car_video_1_speed_1V_1_header.mp4,446,318.09,551.78,229.68,458.57,406.51,644.99,0.8428
0,single_car_video_1_speed_1V_1_header.mp4,447,313.63,549.89,228.4,456.1,398.85,643.68,0.8479
0,single_car_video_1_speed_1V_1_header.mp4,448,310.85,546.77,227.41,452.34,394.28,641.19,0.8587
0,single_car_video_1_speed_1V_1_header.mp4,449,311.46,543.3,226.03,448.7,396.89,637.9,0.8794
0,single_car_video_1_speed_1V_1_header.mp4,450,309.33,539.11,225.58,444.82,393.08,633.4,0.8802
0,single_car_video_1_speed_1V_1_header.mp4,451,306.01,534.37,225.64,438.07,386.38,630.67,0.8765
0,single_car_video_1_speed_1V_1_header.mp4,452,305.37,531.69,223.44,433.86,387.29,629.51,0.8802
0,single_car_video_1_speed_1V_1_header.mp4,453,303.88,528.67,222.09,432.28,385.67,625.05,0.87
0,single_car_video_1_speed_1V_1_header.mp4,454,301.81,522.46,220.74,427.27,382.88,617.64,0.8881
0,single_car_video_1_speed_1V_1_header.mp4,455,300.03,519.91,218.56,425.67,381.51,614.15,0.8848
0,single_car_video_1_speed_1V_1_header.mp4,456,297.85,520.89,217.83,427.03,377.88,614.75,0.8375
0,single_car_video_1_speed_1V_1_header.mp4,457,294.81,515.23,211.99,422.23,377.63,608.23,0.8335
0,single_car_video_1_speed_1V_1_header.mp4,458,290.86,512.98,209.47,420.66,372.24,605.3,0.8351
0,single_car_video_1_speed_1V_1_header.mp4,459,290.76,510.07,207.39,416.89,374.13,603.24,0.8395
0,single_car_video_1_speed_1V_1_header.mp4,460,288.35,505.79,203.85,412.25,372.85,599.34,0.8399
0,single_car_video_1_speed_1V_1_header.mp4,461,285.57,502.54,201.44,409.6,369.7,595.49,0.8405
0,single_car_video_1_speed_1V_1_header.mp4,462,279.83,499.38,196.69,405.36,362.97,593.39,0.8409
0,single_car_video_1_speed_1V_1_header.mp4,463,277.65,496.76,194.64,401.29,360.66,592.22,0.8488
0,single_car_video_1_speed_1V_1_header.mp4,464,274.89,494.12,190.15,399.19,359.62,589.04,0.8499
0,single_car_video_1_speed_1V_1_header.mp4,465,273.93,490.26,188.66,395.95,359.2,584.57,0.8525
0,single_car_video_1_speed_1V_1_header.mp4,466,271.78,485.93,186.13,391.53,357.43,580.34,0.855
0,single_car_video_1_speed_1V_1_header.mp4,467,269.25,481.68,181.7,386.45,356.81,576.91,0.8652
0,single_car_video_1_speed_1V_1_header.mp4,468,263.87,478.53,178.22,382.6,349.52,574.47,0.8615
0,single_car_video_1_speed_1V_1_header.mp4,469,261.73,473.33,180.0,379.83,343.47,566.82,0.867
0,single_car_video_1_speed_1V_1_header.mp4,470,260.08,470.36,178.21,375.5,341.96,565.22,0.8625
0,single_car_video_1_speed_1V_1_header.mp4,471,257.8,466.93,175.04,373.6,340.57,560.26,0.856
0,single_car_video_1_speed_1V_1_header.mp4,472,256.83,465.76,175.47,372.16,338.19,559.37,0.8488
0,single_car_video_1_speed_1V_1_header.mp4,473,256.12,461.35,172.52,368.23,339.72,554.48,0.8453
0,single_car_video_1_speed_1V_1_header.mp4,474,251.26,457.11,171.41,362.55,331.11,551.68,0.8557
0,single_car_video_1_speed_1V_1_header.mp4,475,253.24,456.39,169.9,361.56,336.59,551.22,0.843
0,single_car_video_1_speed_1V_1_header.mp4,476,250.59,452.45,167.76,356.09,333.41,548.8,0.8749
0,single_car_video_1_speed_1V_1_header.mp4,477,248.74,446.94,166.42,351.57,331.05,542.32,0.8802
0,single_car_video_1_speed_1V_1_header.mp4,478,246.81,443.6,164.76,349.3,328.85,537.91,0.8635
0,single_car_video_1_speed_1V_1_header.mp4,479,243.07,444.21,160.43,351.01,325.72,537.42,0.8533
0,single_car_video_1_speed_1V_1_header.mp4,480,241.89,440.28,159.38,348.2,324.4,532.37,0.844
0,single_car_video_1_speed_1V_1_header.mp4,481,238.26,436.38,156.27,343.46,320.25,529.31,0.8549
0,single_car_video_1_speed_1V_1_header.mp4,482,234.21,431.78,155.8,338.8,312.62,524.76,0.8539
0,single_car_video_1_speed_1V_1_header.mp4,483,231.48,428.15,150.97,333.31,311.98,522.98,0.8563
0,single_car_video_1_speed_1V_1_header.mp4,484,228.02,424.98,145.83,330.42,310.2,519.53,0.8502
0,single_car_video_1_speed_1V_1_header.mp4,485,228.36,422.4,147.27,328.18,309.45,516.62,0.8545
0,single_car_video_1_speed_1V_1_header.mp4,486,227.03,421.2,145.34,326.61,308.72,515.78,0.855
0,single_car_video_1_speed_1V_1_header.mp4,487,224.98,419.06,142.25,324.7,307.72,513.43,0.8474
0,single_car_video_1_speed_1V_1_header.mp4,488,223.39,415.81,138.41,322.82,308.37,508.8,0.8281
0,single_car_video_1_speed_1V_1_header.mp4,489,220.87,411.31,136.8,319.58,304.94,503.04,0.8257
0,single_car_video_1_speed_1V_1_header.mp4,490,216.87,407.89,132.62,316.59,301.12,499.18,0.8208
0,single_car_video_1_speed_1V_1_header.mp4,491,211.88,405.09,130.42,314.63,293.34,495.56,0.8141
0,single_car_video_1_speed_1V_1_header.mp4,492,214.59,402.01,133.15,310.0,296.02,494.01,0.8235
0,single_car_video_1_speed_1V_1_header.mp4,493,209.58,400.87,126.55,310.0,292.61,491.75,0.8324
0,single_car_video_1_speed_1V_1_header.mp4,494,207.4,399.9,125.48,310.0,289.32,489.8,0.8394
0,single_car_video_1_speed_1V_1_header.mp4,495,205.42,398.77,124.73,310.0,286.12,487.54,0.847
0,single_car_video_1_speed_1V_1_header.mp4,496,204.0,396.7,122.96,310.0,285.04,483.39,0.8528
0,single_car_video_1_speed_1V_1_header.mp4,497,203.5,394.53,121.45,310.0,285.56,479.06,0.8415
0,single_car_video_1_speed_1V_1_header.mp4,498,200.88,393.58,121.21,310.0,280.55,477.16,0.8275
0,single_car_video_1_speed_1V_1_header.mp4,499,200.89,392.03,119.2,310.0,282.58,474.06,0.8198
0,single_car_video_1_speed_1V_1_header.mp4,500,200.13,389.71,118.35,310.0,281.92,469.43,0.8133
0,single_car_video_1_speed_1V_1_header.mp4,501,196.54,387.41,118.09,310.0,274.99,464.83,0.8052
0,single_car_video_1_speed_1V_1_header.mp4,502,194.4,386.05,117.3,310.0,271.5,462.1,0.7924
0,single_car_video_1_speed_1V_1_header.mp4,503,193.86,385.14,115.68,310.0,272.04,460.29,0.7916
0,single_car_video_1_speed_1V_1_header.mp4,504,192.92,381.44,112.99,310.0,272.84,452.88,0.784
0,single_car_video_1_speed_1V_1_header.mp4,505,189.56,380.16,112.88,310.0,266.23,450.32,0.7739
0,single_car_video_1_speed_1V_1_header.mp4,506,187.41,378.77,112.07,310.0,262.75,447.55,0.7676
0,single_car_video_1_speed_1V_1_header.mp4,507,185.74,378.66,106.96,310.0,264.52,447.31,0.7931
0,single_car_video_1_speed_1V_1_header.mp4,508,186.44,375.77,109.11,310.0,263.77,441.55,0.8126
0,single_car_video_1_speed_1V_1_header.mp4,509,183.64,373.78,106.13,310.0,261.14,437.56,0.7676
0,single_car_video_1_speed_1V_1_header.mp4,510,182.73,374.86,109.51,310.0,255.95,439.71,0.7571
0,single_car_video_1_speed_1V_1_header.mp4,511,179.76,371.36,104.24,310.0,255.28,432.72,0.7683
0,single_car_video_1_speed_1V_1_header.mp4,512,179.07,370.14,103.63,310.0,254.51,430.28,0.8162
0,single_car_video_1_speed_1V_1_header.mp4,513,178.16,368.61,102.57,310.0,253.76,427.22,0.7678
0,single_car_video_1_speed_1V_1_header.mp4,514,173.81,366.73,100.6,310.0,247.03,423.45,0.7891
0,single_car_video_1_speed_1V_1_header.mp4,515,173.62,365.07,99.5,310.0,247.73,420.15,0.7979
0,single_car_video_1_speed_1V_1_header.mp4,516,177.18,364.46,108.35,310.0,246.01,418.92,0.7274
0,single_car_video_1_speed_1V_1_header.mp4,517,175.41,361.81,111.73,310.0,239.09,413.61,0.7307
0,single_car_video_1_speed_1V_1_header.mp4,518,171.17,361.28,106.02,310.0,236.32,412.57,0.7101
0,single_car_video_1_speed_1V_1_header.mp4,519,173.2,360.04,106.09,310.0,240.3,410.07,0.7231
0,single_car_video_1_speed_1V_1_header.mp4,520,169.85,359.08,105.93,310.0,233.78,408.15,0.7615
0,single_car_video_1_speed_1V_1_header.mp4,521,172.31,356.33,111.26,310.0,233.36,402.66,0.6847
0,single_car_video_1_speed_1V_1_header.mp4,522,175.65,354.84,115.56,310.0,235.74,399.69,0.6809
0,single_car_video_1_speed_1V_1_header.mp4,523,172.25,353.29,110.55,310.0,233.94,396.58,0.6348
0,single_car_video_1_speed_1V_1_header.mp4,524,171.29,350.99,116.53,310.0,226.04,391.97,0.5906
0,single_car_video_1_speed_1V_1_header.mp4,525,174.21,348.31,117.56,310.0,230.86,386.63,0.5887
0,single_car_video_1_speed_1V_1_header.mp4,526,168.46,347.39,115.6,310.0,221.32,384.78,0.572
0,single_car_video_1_speed_1V_1_header.mp4,527,164.86,346.87,109.64,310.0,220.09,383.74,0.5822
0,single_car_video_1_speed_1V_1_header.mp4,528,170.96,345.84,115.37,310.0,226.55,381.69,0.5994
0,single_car_video_1_speed_1V_1_header.mp4,529,169.36,343.23,115.57,310.0,223.16,376.46,0.6046
0,single_car_video_1_speed_1V_1_header.mp4,530,168.87,341.57,114.54,310.0,223.2,373.14,0.5923
0,single_car_video_1_speed_1V_1_header.mp4,531,169.07,339.98,113.48,310.0,224.65,369.96,0.6364
0,single_car_video_1_speed_1V_1_header.mp4,532,167.29,337.11,112.9,310.0,221.67,364.22,0.6321
0,single_car_video_1_speed_1V_1_header.mp4,533,169.33,335.54,116.96,310.0,221.69,361.07,0.723
0,single_car_video_1_speed_1V_1_header.mp4,534,167.08,334.78,113.23,310.0,220.92,359.57,0.7039
0,single_car_video_1_speed_1V_1_header.mp4,535,162.81,333.54,107.04,310.0,218.59,357.07,0.7087
0,single_car_video_1_speed_1V_1_header.mp4,536,160.45,331.42,103.71,310.0,217.18,352.84,0.7312
0,single_car_video_1_speed_1V_1_header.mp4,537,157.75,329.38,103.36,310.0,212.14,348.76,0.7425
0,single_car_video_1_speed_1V_1_header.mp4,538,156.6,327.74,105.71,310.0,207.48,345.48,0.7523
0,single_car_video_1_speed_1V_1_header.mp4,538,145.84,326.73,71.92,310.0,219.76,343.46,0.2507
0,single_car_video_1_speed_1V_1_header.mp4,539,154.82,326.41,105.04,310.0,204.6,342.82,0.7337
0,single_car_video_1_speed_1V_1_header.mp4,540,155.1,324.71,106.96,310.0,203.24,339.43,0.7536
0,single_car_video_1_speed_1V_1_header.mp4,541,154.29,323.95,104.89,310.0,203.69,337.9,0.6664
0,single_car_video_1_speed_1V_1_header.mp4,542,152.26,323.3,103.8,310.0,200.72,336.59,0.4792
0,single_car_video_1_speed_1V_1_header.mp4,543,134.87,321.9,98.25,310.0,171.49,333.8,0.3638
0,single_car_video_1_speed_1V_1_header.mp4,543,148.71,322.63,103.12,310.0,194.3,335.27,0.3147
0,single_car_video_1_speed_1V_1_header.mp4,544,131.38,321.44,93.13,310.0,169.64,332.87,0.3151
0,single_car_video_1_speed_1V_1_header.mp4,545,131.45,320.66,91.64,310.0,171.26,331.33,0.2997
0,single_car_video_1_speed_1V_1_header.mp4,547,130.1,320.14,89.21,310.0,170.99,330.27,0.2752
1,single_car_video_2_speed_1V_2_header.mp4,15,37.44,322.14,1.02,310.0,73.85,334.27,0.3925
1,single_car_video_2_speed_1V_2_header.mp4,23,41.97,325.71,0.94,310.0,83.01,341.43,0.2868
1,single_car_video_2_speed_1V_2_header.mp4,24,51.36,328.86,0.79,310.0,101.94,347.72,0.3594
1,single_car_video_2_speed_1V_2_header.mp4,25,55.23,328.86,0.79,310.0,109.67,347.71,0.3959
1,single_car_video_2_speed_1V_2_header.mp4,26,53.66,337.92,0.86,310.0,106.46,365.84,0.3657
1,single_car_video_2_speed_1V_2_header.mp4,27,53.97,347.9,0.0,310.0,107.93,385.8,0.4691
1,single_car_video_2_speed_1V_2_header.mp4,28,53.36,347.92,0.0,310.0,106.71,385.85,0.4388
1,single_car_video_2_speed_1V_2_header.mp4,29,49.79,348.87,0.13,310.0,99.45,387.75,0.3825
1,single_car_video_2_speed_1V_2_header.mp4,30,45.12,350.88,0.03,310.0,90.21,391.76,0.3252
1,single_car_video_2_speed_1V_2_header.mp4,31,43.58,354.73,0.09,310.0,87.07,399.46,0.4
1,single_car_video_2_speed_1V_2_header.mp4,32,44.27,354.11,0.0,310.0,88.54,398.21,0.4189
1,single_car_video_2_speed_1V_2_header.mp4,33,46.63,360.0,0.51,310.0,92.75,410.0,0.4825
1,single_car_video_2_speed_1V_2_header.mp4,34,47.23,359.76,0.49,310.0,93.97,409.51,0.5253
1,single_car_video_2_speed_1V_2_header.mp4,35,48.05,359.25,0.5,310.0,95.6,408.5,0.5633
1,single_car_video_2_speed_1V_2_header.mp4,36,48.56,360.6,0.0,310.0,97.13,411.2,0.5257
1,single_car_video_2_speed_1V_2_header.mp4,37,49.01,358.72,0.0,310.0,98.01,407.44,0.5614
1,single_car_video_2_speed_1V_2_header.mp4,38,49.95,362.6,0.0,310.37,99.89,414.84,0.6019
1,single_car_video_2_speed_1V_2_header.mp4,39,51.04,361.27,0.0,310.0,102.08,412.54,0.6522
1,single_car_video_2_speed_1V_2_header.mp4,40,51.89,362.82,0.51,310.46,103.28,415.19,0.7595
1,single_car_video_2_speed_1V_2_header.mp4,41,51.74,363.98,0.47,310.27,103.02,417.69,0.7298
1,single_car_video_2_speed_1V_2_header.mp4,42,52.16,365.79,0.0,310.0,104.33,421.57,0.7523
1,single_car_video_2_speed_1V_2_header.mp4,43,52.95,371.08,0.0,310.0,105.9,432.16,0.7082
1,single_car_video_2_speed_1V_2_header.mp4,44,58.31,371.75,0.03,310.0,116.59,433.5,0.7451
1,single_car_video_2_speed_1V_2_header.mp4,45,57.82,372.3,0.22,310.0,115.42,434.59,0.7983
1,single_car_video_2_speed_1V_2_header.mp4,46,57.24,372.7,0.0,310.0,114.49,435.39,0.79
1,single_car_video_2_speed_1V_2_header.mp4,47,56.75,375.97,0.66,310.0,112.84,441.94,0.7471
1,single_car_video_2_speed_1V_2_header.mp4,48,56.68,377.78,0.19,310.0,113.17,445.56,0.7028
1,single_car_video_2_speed_1V_2_header.mp4,49,56.72,381.26,0.0,310.0,113.44,452.53,0.7156
1,single_car_video_2_speed_1V_2_header.mp4,50,58.48,380.24,2.27,310.0,114.69,450.47,0.7419
1,single_car_video_2_speed_1V_2_header.mp4,51,61.25,383.39,0.0,310.0,122.51,456.78,0.7951
1,single_car_video_2_speed_1V_2_header.mp4,52,60.66,383.72,0.0,310.0,121.32,457.44,0.805
1,single_car_video_2_speed_1V_2_header.mp4,53,63.0,388.01,0.0,310.0,126.01,466.02,0.8244
1,single_car_video_2_speed_1V_2_header.mp4,54,64.74,392.31,0.0,310.0,129.48,474.62,0.8161
1,single_car_video_2_speed_1V_2_header.mp4,55,65.49,394.4,0.0,310.0,130.98,478.81,0.8153
1,single_car_video_2_speed_1V_2_header.mp4,56,65.12,395.43,0.0,310.0,130.24,480.86,0.8765
1,single_car_video_2_speed_1V_2_header.mp4,57,66.9,395.19,0.0,310.0,133.8,480.39,0.8329
1,single_car_video_2_speed_1V_2_header.mp4,58,68.2,394.79,1.48,310.0,134.92,479.59,0.8247
1,single_car_video_2_speed_1V_2_header.mp4,59,68.5,396.77,1.41,310.0,135.6,483.54,0.8301
1,single_car_video_2_speed_1V_2_header.mp4,60,69.41,400.35,1.32,310.0,137.49,490.7,0.8275
1,single_car_video_2_speed_1V_2_header.mp4,61,71.19,402.31,1.1,310.0,141.29,494.63,0.8213
1,single_car_video_2_speed_1V_2_header.mp4,62,71.92,405.81,0.89,311.38,142.96,500.23,0.8072
1,single_car_video_2_speed_1V_2_header.mp4,63,76.41,408.03,0.44,312.66,152.39,503.4,0.8095
1,single_car_video_2_speed_1V_2_header.mp4,64,77.27,410.47,0.48,316.6,154.06,504.33,0.7977
1,single_car_video_2_speed_1V_2_header.mp4,65,79.29,410.02,2.91,316.07,155.67,503.97,0.8258
1,single_car_video_2_speed_1V_2_header.mp4,66,79.17,414.32,2.68,319.84,155.66,508.8,0.8377
1,single_car_video_2_speed_1V_2_header.mp4,67,79.2,417.16,2.57,323.32,155.82,511.0,0.8344
1,single_car_video_2_speed_1V_2_header.mp4,68,80.21,420.14,1.87,324.51,158.55,515.78,0.8475
1,single_car_video_2_speed_1V_2_header.mp4,69,82.37,421.17,1.59,324.68,163.15,517.66,0.8608
1,single_car_video_2_speed_1V_2_header.mp4,70,82.72,422.29,1.31,325.45,164.13,519.14,0.8593
1,single_car_video_2_speed_1V_2_header.mp4,71,83.46,422.57,0.0,320.95,166.91,524.2,0.8543
1,single_car_video_2_speed_1V_2_header.mp4,72,84.17,425.53,0.0,320.44,168.34,530.61,0.8531
1,single_car_video_2_speed_1V_2_header.mp4,73,84.69,429.56,0.0,326.84,169.39,532.27,0.8558
1,single_car_video_2_speed_1V_2_header.mp4,74,86.59,439.89,2.25,344.79,170.93,534.99,0.8512
1,single_car_video_2_speed_1V_2_header.mp4,75,87.14,444.74,2.38,347.25,171.91,542.23,0.8527
1,single_car_video_2_speed_1V_2_header.mp4,76,88.53,447.68,2.65,350.57,174.42,544.79,0.858
1,single_car_video_2_speed_1V_2_header.mp4,77,90.06,446.54,2.64,346.74,177.49,546.33,0.8605
1,single_car_video_2_speed_1V_2_header.mp4,78,90.0,446.3,0.83,346.83,179.16,545.77,0.821
1,single_car_video_2_speed_1V_2_header.mp4,79,92.13,451.52,3.88,350.7,180.38,552.33,0.8234
1,single_car_video_2_speed_1V_2_header.mp4,80,92.65,451.95,4.11,350.94,181.19,552.97,0.8415
1,single_car_video_2_speed_1V_2_header.mp4,81,94.45,458.08,4.26,359.58,184.63,556.59,0.8428
1,single_car_video_2_speed_1V_2_header.mp4,82,97.13,461.9,4.49,364.57,189.77,559.22,0.7832
1,single_car_video_2_speed_1V_2_header.mp4,83,97.29,466.11,4.21,368.88,190.38,563.35,0.8418
1,single_car_video_2_speed_1V_2_header.mp4,84,101.78,475.84,11.44,378.74,192.13,572.93,0.8752
1,single_car_video_2_speed_1V_2_header.mp4,85,104.04,477.37,9.46,379.2,198.61,575.54,0.8803
1,single_car_video_2_speed_1V_2_header.mp4,86,105.35,479.37,12.71,383.03,197.98,575.71,0.8905
1,single_car_video_2_speed_1V_2_header.mp4,87,107.72,483.88,14.69,391.27,200.76,576.49,0.8922
1,single_car_video_2_speed_1V_2_header.mp4,88,109.3,486.62,14.98,393.71,203.62,579.53,0.8868
1,single_car_video_2_speed_1V_2_header.mp4,89,111.15,489.25,18.71,398.45,203.6,580.06,0.8718
1,single_car_video_2_speed_1V_2_header.mp4,90,114.11,492.91,23.7,401.3,204.52,584.52,0.8665
1,single_car_video_2_speed_1V_2_header.mp4,91,113.32,497.77,20.61,404.47,206.03,591.07,0.8605
1,single_car_video_2_speed_1V_2_header.mp4,92,115.46,500.92,19.92,407.09,211.0,594.74,0.8578
1,single_car_video_2_speed_1V_2_header.mp4,93,122.67,501.23,32.11,406.97,213.23,595.48,0.8541
1,single_car_video_2_speed_1V_2_header.mp4,94,126.26,505.43,37.76,412.61,214.77,598.25,0.8585
1,single_car_video_2_speed_1V_2_header.mp4,95,128.49,512.48,40.28,418.42,216.7,606.53,0.8627
1,single_car_video_2_speed_1V_2_header.mp4,96,136.19,514.9,51.53,424.2,220.86,605.6,0.8544
1,single_car_video_2_speed_1V_2_header.mp4,97,139.58,517.54,57.53,426.97,221.63,608.1,0.8655
1,single_car_video_2_speed_1V_2_header.mp4,98,141.15,520.88,59.61,427.67,222.69,614.08,0.8658
1,single_car_video_2_speed_1V_2_header.mp4,99,139.79,523.94,55.69,427.71,223.9,620.16,0.8749
1,single_car_video_2_speed_1V_2_header.mp4,100,144.46,528.14,65.06,431.26,223.85,625.03,0.8615
1,single_car_video_2_speed_1V_2_header.mp4,101,145.4,527.78,63.57,430.46,227.23,625.09,0.8458
1,single_car_video_2_speed_1V_2_header.mp4,102,144.46,533.69,60.18,440.34,228.75,627.04,0.8494
1,single_car_video_2_speed_1V_2_header.mp4,103,148.39,538.17,64.9,446.09,231.87,630.24,0.8613
1,single_car_video_2_speed_1V_2_header.mp4,104,150.59,541.84,67.49,447.26,233.7,636.42,0.8553
1,single_car_video_2_speed_1V_2_header.mp4,105,153.49,546.0,70.92,451.54,236.07,640.47,0.8714
1,single_car_video_2_speed_1V_2_header.mp4,106,155.11,547.97,71.75,454.88,238.46,641.06,0.8657
1,single_car_video_2_speed_1V_2_header.mp4,107,157.19,552.66,71.81,460.32,242.56,644.99,0.825
1,single_car_video_2_speed_1V_2_header.mp4,108,162.28,554.98,75.03,461.04,249.53,648.92,0.8533
1,single_car_video_2_speed_1V_2_header.mp4,109,163.94,558.04,75.57,464.54,252.32,651.54,0.8398
1,single_car_video_2_speed_1V_2_header.mp4,110,166.9,562.97,79.23,470.09,254.56,655.86,0.8082
1,single_car_video_2_speed_1V_2_header.mp4,111,169.4,566.9,81.83,472.39,256.98,661.41,0.8221
1,single_car_video_2_speed_1V_2_header.mp4,112,173.72,570.23,88.73,473.74,258.72,666.71,0.8451
1,single_car_video_2_speed_1V_2_header.mp4,113,172.83,574.66,87.63,476.99,258.03,672.33,0.8389
1,single_car_video_2_speed_1V_2_header.mp4,114,175.96,578.85,91.94,479.02,259.99,678.68,0.8353
1,single_car_video_2_speed_1V_2_header.mp4,115,175.2,578.96,88.75,480.21,261.65,677.72,0.8488
1,single_car_video_2_speed_1V_2_header.mp4,116,177.24,580.28,90.16,481.16,264.32,679.4,0.8539
1,single_car_video_2_speed_1V_2_header.mp4,117,180.78,580.66,92.71,479.22,268.84,682.09,0.851
1,single_car_video_2_speed_1V_2_header.mp4,118,186.58,585.73,103.34,490.53,269.82,680.93,0.8403
1,single_car_video_2_speed_1V_2_header.mp4,119,187.44,590.63,104.17,497.65,270.71,683.61,0.85
1,single_car_video_2_speed_1V_2_header.mp4,120,192.18,599.98,109.95,501.35,274.4,698.61,0.8616
1,single_car_video_2_speed_1V_2_header.mp4,121,192.25,601.45,110.05,506.54,274.45,696.37,0.8595
1,single_car_video_2_speed_1V_2_header.mp4,122,194.68,602.93,113.4,508.21,275.96,697.65,0.8608
1,single_car_video_2_speed_1V_2_header.mp4,123,197.8,606.33,116.89,509.8,278.71,702.86,0.8565
1,single_car_video_2_speed_1V_2_header.mp4,124,199.49,608.56,119.26,513.29,279.72,703.84,0.8586
1,single_car_video_2_speed_1V_2_header.mp4,125,201.85,613.15,121.83,521.29,281.87,705.01,0.8514
1,single_car_video_2_speed_1V_2_header.mp4,126,204.22,615.15,121.68,523.34,286.76,706.97,0.8541
1,single_car_video_2_speed_1V_2_header.mp4,127,204.39,618.13,121.69,525.77,287.09,710.48,0.86
1,single_car_video_2_speed_1V_2_header.mp4,128,205.05,621.05,124.45,529.38,285.64,712.73,0.8595
1,single_car_video_2_speed_1V_2_header.mp4,129,206.88,624.64,124.63,530.99,289.12,718.3,0.8678
1,single_car_video_2_speed_1V_2_header.mp4,130,208.46,627.83,126.85,533.93,290.07,721.73,0.8652
1,single_car_video_2_speed_1V_2_header.mp4,131,214.22,632.39,126.71,536.22,301.73,728.57,0.8635
1,single_car_video_2_speed_1V_2_header.mp4,132,214.23,633.41,125.94,537.46,302.51,729.37,0.8702
1,single_car_video_2_speed_1V_2_header.mp4,133,217.4,637.46,128.98,542.8,305.81,732.12,0.8604
1,single_car_video_2_speed_1V_2_header.mp4,134,226.77,644.63,147.0,547.82,306.55,741.44,0.8583
1,single_car_video_2_speed_1V_2_header.mp4,135,227.34,646.08,146.13,549.62,308.54,742.54,0.8848
1,single_car_video_2_speed_1V_2_header.mp4,136,229.11,648.85,149.73,553.48,308.49,744.21,0.8961
1,single_car_video_2_speed_1V_2_header.mp4,137,230.4,650.98,150.51,556.29,310.28,745.68,0.8919
1,single_car_video_2_speed_1V_2_header.mp4,138,232.92,655.35,151.21,559.49,314.64,751.21,0.8692
1,single_car_video_2_speed_1V_2_header.mp4,139,236.36,664.15,151.15,572.17,321.58,756.14,0.8552
1,single_car_video_2_speed_1V_2_header.mp4,140,241.08,667.37,158.56,576.43,323.61,758.3,0.8576
1,single_car_video_2_speed_1V_2_header.mp4,141,242.58,670.14,160.91,578.24,324.25,762.03,0.8577
1,single_car_video_2_speed_1V_2_header.mp4,142,245.5,673.28,166.54,579.11,324.46,767.45,0.8569
1,single_car_video_2_speed_1V_2_header.mp4,143,246.39,675.59,166.55,580.93,326.23,770.25,0.8624
1,single_car_video_2_speed_1V_2_header.mp4,144,247.3,677.14,167.24,581.97,327.36,772.31,0.8666
1,single_car_video_2_speed_1V_2_header.mp4,145,249.26,682.58,169.3,585.16,329.22,779.99,0.869
1,single_car_video_2_speed_1V_2_header.mp4,146,251.64,685.01,172.91,586.94,330.37,783.07,0.8631
1,single_car_video_2_speed_1V_2_header.mp4,147,252.76,687.36,172.51,597.18,333.02,777.54,0.8689
1,single_car_video_2_speed_1V_2_header.mp4,148,256.03,692.36,174.53,598.67,337.52,786.05,0.8753
1,single_car_video_2_speed_1V_2_header.mp4,149,256.51,696.52,175.33,601.88,337.68,791.17,0.8674
1,single_car_video_2_speed_1V_2_header.mp4,150,257.79,701.51,176.42,606.49,339.17,796.53,0.8478
1,single_car_video_2_speed_1V_2_header.mp4,151,258.02,704.09,177.04,610.11,339.01,798.06,0.8311
1,single_car_video_2_speed_1V_2_header.mp4,152,262.02,707.58,182.06,615.24,341.97,799.92,0.82
1,single_car_video_2_speed_1V_2_header.mp4,153,264.24,711.12,180.33,618.48,348.16,803.77,0.8198
1,single_car_video_2_speed_1V_2_header.mp4,154,270.33,714.58,186.46,623.2,354.2,805.97,0.8172
1,single_car_video_2_speed_1V_2_header.mp4,155,274.42,718.01,187.87,627.34,360.98,808.69,0.8265
1,single_car_video_2_speed_1V_2_header.mp4,156,278.68,721.48,199.35,626.32,358.01,816.64,0.9123
1,single_car_video_2_speed_1V_2_header.mp4,157,280.37,723.47,200.66,628.57,360.09,818.36,0.9055
1,single_car_video_2_speed_1V_2_header.mp4,158,281.28,726.31,202.35,631.22,360.22,821.41,0.8893
1,single_car_video_2_speed_1V_2_header.mp4,159,285.92,730.87,203.04,637.12,368.8,824.62,0.8628
1,single_car_video_2_speed_1V_2_header.mp4,160,286.17,732.71,204.2,638.28,368.14,827.14,0.8646
1,single_car_video_2_speed_1V_2_header.mp4,161,288.11,739.26,205.73,645.53,370.5,832.99,0.8613
1,single_car_video_2_speed_1V_2_header.mp4,162,289.71,741.41,206.68,648.12,372.74,834.71,0.8465
1,single_car_video_2_speed_1V_2_header.mp4,163,289.73,744.66,206.78,651.49,372.67,837.83,0.8411
1,single_car_video_2_speed_1V_2_header.mp4,164,291.45,750.47,206.87,656.84,376.02,844.11,0.8406
1,single_car_video_2_speed_1V_2_header.mp4,165,291.98,751.16,205.28,655.82,378.68,846.5,0.8513
1,single_car_video_2_speed_1V_2_header.mp4,166,294.22,755.22,208.66,657.86,379.79,852.58,0.8804
1,single_car_video_2_speed_1V_2_header.mp4,167,297.27,759.28,214.48,663.7,380.07,854.87,0.8276
1,single_car_video_2_speed_1V_2_header.mp4,168,298.7,761.2,216.21,664.77,381.18,857.63,0.8262
1,single_car_video_2_speed_1V_2_header.mp4,169,303.87,768.66,220.51,676.86,387.22,860.47,0.8384
1,single_car_video_2_speed_1V_2_header.mp4,170,307.25,773.67,222.67,680.77,391.82,866.57,0.8603
1,single_car_video_2_speed_1V_2_header.mp4,171,308.49,777.35,224.33,683.02,392.64,871.67,0.8626
1,single_car_video_2_speed_1V_2_header.mp4,172,309.53,780.5,225.16,685.49,393.89,875.51,0.8717
1,single_car_video_2_speed_1V_2_header.mp4,173,311.27,783.32,226.51,687.01,396.03,879.64,0.8845
1,single_car_video_2_speed_1V_2_header.mp4,174,315.03,786.27,226.85,688.44,403.2,884.1,0.8916
1,single_car_video_2_speed_1V_2_header.mp4,175,317.16,789.25,228.01,692.64,406.32,885.85,0.8917
1,single_car_video_2_speed_1V_2_header.mp4,176,318.97,791.58,230.64,696.48,407.31,886.67,0.892
1,single_car_video_2_speed_1V_2_header.mp4,177,320.76,794.75,232.55,697.7,408.96,891.79,0.8916
1,single_car_video_2_speed_1V_2_header.mp4,178,325.44,799.55,240.48,703.41,410.4,895.69,0.8918
1,single_car_video_2_speed_1V_2_header.mp4,179,326.45,803.63,241.43,706.97,411.46,900.3,0.9046
1,single_car_video_2_speed_1V_2_header.mp4,180,329.8,805.9,245.63,709.05,413.97,902.75,0.8665
1,single_car_video_2_speed_1V_2_header.mp4,181,333.64,809.61,247.16,713.3,420.13,905.93,0.8541
1,single_car_video_2_speed_1V_2_header.mp4,182,336.24,815.35,251.94,720.17,420.53,910.52,0.8424
1,single_car_video_2_speed_1V_2_header.mp4,183,339.0,819.67,254.35,725.69,423.65,913.64,0.8667
1,single_car_video_2_speed_1V_2_header.mp4,184,341.86,824.45,258.22,729.26,425.51,919.65,0.8787
1,single_car_video_2_speed_1V_2_header.mp4,185,344.14,827.7,259.32,732.02,428.96,923.39,0.8768
1,single_car_video_2_speed_1V_2_header.mp4,186,345.6,829.82,260.23,734.54,430.96,925.1,0.877
1,single_car_video_2_speed_1V_2_header.mp4,187,347.28,833.47,264.71,738.14,429.85,928.8,0.8783
1,single_car_video_2_speed_1V_2_header.mp4,188,348.95,836.53,265.74,739.37,432.16,933.68,0.8823
1,single_car_video_2_speed_1V_2_header.mp4,189,351.82,838.7,267.01,740.55,436.64,936.86,0.8856
1,single_car_video_2_speed_1V_2_header.mp4,190,353.07,840.32,268.42,742.15,437.73,938.49,0.8882
1,single_car_video_2_speed_1V_2_header.mp4,191,356.12,846.29,271.2,748.9,441.05,943.68,0.8934
1,single_car_video_2_speed_1V_2_header.mp4,192,357.95,852.74,273.39,755.65,442.52,949.83,0.8829
1,single_car_video_2_speed_1V_2_header.mp4,193,360.42,855.7,275.78,760.25,445.06,951.14,0.8681
1,single_car_video_2_speed_1V_2_header.mp4,194,360.77,857.48,277.64,762.06,443.91,952.9,0.8536
1,single_car_video_2_speed_1V_2_header.mp4,195,364.52,861.31,279.05,766.37,449.98,956.25,0.8376
1,single_car_video_2_speed_1V_2_header.mp4,196,367.95,863.27,281.08,765.55,454.82,960.99,0.8248
1,single_car_video_2_speed_1V_2_header.mp4,197,374.0,866.97,286.41,771.35,461.58,962.59,0.8288
1,single_car_video_2_speed_1V_2_header.mp4,198,375.83,872.39,286.29,776.57,465.37,968.21,0.8484
1,single_car_video_2_speed_1V_2_header.mp4,199,378.82,878.45,288.99,781.82,468.64,975.07,0.8733
1,single_car_video_2_speed_1V_2_header.mp4,200,377.99,879.94,294.14,782.47,461.84,977.41,0.9072
1,single_car_video_2_speed_1V_2_header.mp4,201,383.55,883.67,295.79,788.16,471.31,979.17,0.8756
1,single_car_video_2_speed_1V_2_header.mp4,202,383.37,886.52,297.13,791.68,469.61,981.36,0.8743
1,single_car_video_2_speed_1V_2_header.mp4,203,386.93,890.12,301.24,793.59,472.62,986.64,0.8615
1,single_car_video_2_speed_1V_2_header.mp4,204,392.02,893.96,308.23,797.38,475.81,990.54,0.853
1,single_car_video_2_speed_1V_2_header.mp4,205,392.61,898.74,309.11,802.17,476.12,995.32,0.8602
1,single_car_video_2_speed_1V_2_header.mp4,206,394.85,902.08,310.41,804.94,479.3,999.23,0.8611
1,single_car_video_2_speed_1V_2_header.mp4,207,395.31,904.91,311.73,808.54,478.89,1001.29,0.856
1,single_car_video_2_speed_1V_2_header.mp4,208,397.15,908.82,312.43,810.13,481.86,1007.51,0.8959
1,single_car_video_2_speed_1V_2_header.mp4,209,398.76,911.97,315.82,812.61,481.7,1011.33,0.8446
1,single_car_video_2_speed_1V_2_header.mp4,210,400.75,914.41,317.76,816.69,483.75,1012.14,0.8476
1,single_car_video_2_speed_1V_2_header.mp4,211,405.75,919.86,322.55,825.0,488.95,1014.72,0.8445
1,single_car_video_2_speed_1V_2_header.mp4,212,407.77,926.73,325.19,831.2,490.36,1022.27,0.8548
1,single_car_video_2_speed_1V_2_header.mp4,213,410.28,929.9,327.85,834.87,492.71,1024.92,0.8617
1,single_car_video_2_speed_1V_2_header.mp4,214,413.66,933.34,328.72,838.54,498.6,1028.14,0.8812
1,single_car_video_2_speed_1V_2_header.mp4,215,416.86,937.7,329.82,841.68,503.91,1033.72,0.8921
1,single_car_video_2_speed_1V_2_header.mp4,216,418.97,940.85,330.78,843.93,507.16,1037.77,0.8975
1,single_car_video_2_speed_1V_2_header.mp4,217,421.6,942.61,333.17,846.35,510.04,1038.87,0.8963
1,single_car_video_2_speed_1V_2_header.mp4,218,422.56,946.51,334.7,848.5,510.42,1044.52,0.8935
1,single_car_video_2_speed_1V_2_header.mp4,219,425.27,951.83,336.73,852.75,513.82,1050.91,0.8894
1,single_car_video_2_speed_1V_2_header.mp4,220,429.91,956.24,345.29,856.17,514.53,1056.32,0.892
1,single_car_video_2_speed_1V_2_header.mp4,221,433.61,957.18,344.53,859.46,522.7,1054.9,0.8723
1,single_car_video_2_speed_1V_2_header.mp4,222,436.83,960.73,350.91,862.29,522.75,1059.18,0.8533
1,single_car_video_2_speed_1V_2_header.mp4,223,438.55,964.11,353.18,866.19,523.93,1062.02,0.8442
1,single_car_video_2_speed_1V_2_header.mp4,224,441.83,970.92,355.86,874.72,527.81,1067.12,0.8453
1,single_car_video_2_speed_1V_2_header.mp4,225,443.66,975.64,357.98,879.93,529.34,1071.35,0.858
1,single_car_video_2_speed_1V_2_header.mp4,226,445.79,981.71,359.85,885.45,531.74,1077.98,0.8706
1,single_car_video_2_speed_1V_2_header.mp4,227,447.6,984.41,361.62,887.48,533.58,1081.33,0.8714
1,single_car_video_2_speed_1V_2_header.mp4,228,449.48,985.93,363.02,884.93,535.94,1086.93,0.8771
1,single_car_video_2_speed_1V_2_header.mp4,229,453.67,991.51,369.16,892.1,538.19,1090.92,0.8864
1,single_car_video_2_speed_1V_2_header.mp4,230,455.37,992.87,371.43,893.55,539.31,1092.18,0.8903
1,single_car_video_2_speed_1V_2_header.mp4,231,457.53,996.72,371.92,894.95,543.15,1098.5,0.8977
1,single_car_video_2_speed_1V_2_header.mp4,232,458.52,1000.67,373.97,900.84,543.08,1100.5,0.8926
1,single_car_video_2_speed_1V_2_header.mp4,233,461.93,1004.32,377.35,904.4,546.51,1104.24,0.89
1,single_car_video_2_speed_1V_2_header.mp4,234,465.71,1008.02,379.53,910.02,551.89,1106.03,0.8761
1,single_car_video_2_speed_1V_2_header.mp4,235,466.31,1011.64,380.5,913.79,552.13,1109.5,0.8552
1,single_car_video_2_speed_1V_2_header.mp4,236,471.11,1015.25,381.45,917.52,560.77,1112.98,0.8413
1,single_car_video_2_speed_1V_2_header.mp4,237,474.69,1017.8,386.79,919.0,562.59,1116.61,0.8289
1,single_car_video_2_speed_1V_2_header.mp4,238,478.55,1025.4,389.66,925.73,567.43,1125.08,0.857
1,single_car_video_2_speed_1V_2_header.mp4,239,481.79,1029.18,392.82,929.51,570.76,1128.85,0.8732
1,single_car_video_2_speed_1V_2_header.mp4,240,482.72,1033.11,394.94,934.53,570.49,1131.69,0.8764
1,single_car_video_2_speed_1V_2_header.mp4,241,485.84,1036.39,397.74,937.95,573.93,1134.84,0.872
1,single_car_video_2_speed_1V_2_header.mp4,242,490.23,1039.03,402.9,939.42,577.56,1138.64,0.8629
1,single_car_video_2_speed_1V_2_header.mp4,243,492.36,1043.04,406.68,944.37,578.04,1141.7,0.8666
1,single_car_video_2_speed_1V_2_header.mp4,244,495.39,1046.63,409.88,946.85,580.89,1146.42,0.8836
1,single_car_video_2_speed_1V_2_header.mp4,245,496.2,1050.56,411.25,950.98,581.16,1150.14,0.882
1,single_car_video_2_speed_1V_2_header.mp4,246,497.46,1054.64,413.63,954.7,581.28,1154.58,0.8811
1,single_car_video_2_speed_1V_2_header.mp4,247,499.85,1058.81,413.49,958.19,586.21,1159.42,0.8899
1,single_car_video_2_speed_1V_2_header.mp4,248,501.37,1062.32,416.43,960.99,586.31,1163.64,0.9113
1,single_car_video_2_speed_1V_2_header.mp4,249,502.5,1063.88,418.19,962.73,586.81,1165.02,0.9023
1,single_car_video_2_speed_1V_2_header.mp4,250,509.08,1070.14,423.3,972.38,594.86,1167.89,0.8565
1,single_car_video_2_speed_1V_2_header.mp4,251,510.36,1074.33,425.19,974.74,595.53,1173.91,0.8647
1,single_car_video_2_speed_1V_2_header.mp4,252,511.37,1078.97,427.96,977.5,594.78,1180.43,0.877
1,single_car_video_2_speed_1V_2_header.mp4,253,514.47,1083.51,430.17,984.91,598.77,1182.11,0.8837
1,single_car_video_2_speed_1V_2_header.mp4,254,517.49,1087.67,431.04,988.84,603.95,1186.5,0.8933
1,single_car_video_2_speed_1V_2_header.mp4,255,520.56,1090.02,432.61,990.53,608.52,1189.5,0.8935
1,single_car_video_2_speed_1V_2_header.mp4,256,522.69,1093.59,433.15,994.34,612.23,1192.84,0.9012
1,single_car_video_2_speed_1V_2_header.mp4,257,524.95,1097.62,435.55,998.41,614.35,1196.83,0.9055
1,single_car_video_2_speed_1V_2_header.mp4,258,530.06,1100.98,439.58,1000.12,620.54,1201.85,0.9077
1,single_car_video_2_speed_1V_2_header.mp4,259,529.91,1102.96,440.1,1003.64,619.73,1202.28,0.9005
1,single_car_video_2_speed_1V_2_header.mp4,260,535.51,1108.85,447.27,1008.46,623.75,1209.24,0.8937
1,single_car_video_2_speed_1V_2_header.mp4,261,536.45,1112.51,451.85,1011.41,621.05,1213.6,0.8711
1,single_car_video_2_speed_1V_2_header.mp4,262,539.86,1115.02,455.44,1015.43,624.29,1214.61,0.8605
1,single_car_video_2_speed_1V_2_header.mp4,263,539.78,1121.11,456.96,1022.13,622.61,1220.08,0.8713
1,single_car_video_2_speed_1V_2_header.mp4,264,542.88,1127.37,458.47,1027.17,627.28,1227.58,0.8858
1,single_car_video_2_speed_1V_2_header.mp4,265,545.29,1130.62,460.71,1029.1,629.86,1232.14,0.8931
1,single_car_video_2_speed_1V_2_header.mp4,266,548.2,1132.96,463.14,1033.43,633.26,1232.49,0.8936
1,single_car_video_2_speed_1V_2_header.mp4,267,551.54,1138.22,465.76,1037.21,637.33,1239.24,0.8956
1,single_car_video_2_speed_1V_2_header.mp4,268,552.21,1143.28,468.85,1041.51,635.56,1245.06,0.8862
1,single_car_video_2_speed_1V_2_header.mp4,269,555.3,1145.71,471.8,1044.3,638.81,1247.12,0.8852
1,single_car_video_2_speed_1V_2_header.mp4,270,555.52,1147.06,474.75,1046.51,636.3,1247.61,0.8893
1,single_car_video_2_speed_1V_2_header.mp4,271,558.62,1152.09,475.74,1050.74,641.49,1253.44,0.8956
1,single_car_video_2_speed_1V_2_header.mp4,272,561.94,1157.79,479.73,1055.47,644.15,1260.11,0.8887
1,single_car_video_2_speed_1V_2_header.mp4,273,564.79,1159.85,482.56,1060.33,647.01,1259.37,0.8863
1,single_car_video_2_speed_1V_2_header.mp4,274,569.45,1166.48,486.44,1064.91,652.46,1268.05,0.8938
1,single_car_video_2_speed_1V_2_header.mp4,275,570.84,1167.84,486.97,1065.09,654.7,1270.6,0.8851
1,single_car_video_2_speed_1V_2_header.mp4,276,575.86,1171.73,488.07,1071.03,663.64,1272.44,0.8529
1,single_car_video_2_speed_1V_2_header.mp4,277,579.21,1178.37,490.86,1076.07,667.55,1280.66,0.8723
1,single_car_video_2_speed_1V_2_header.mp4,278,580.65,1182.45,493.74,1078.57,667.57,1286.32,0.8696
1,single_car_video_2_speed_1V_2_header.mp4,279,584.83,1187.33,502.41,1085.04,667.24,1289.62,0.8823
1,single_car_video_2_speed_1V_2_header.mp4,280,583.81,1188.63,501.04,1086.81,666.59,1290.45,0.8573
1,single_car_video_2_speed_1V_2_header.mp4,281,584.65,1192.47,501.87,1090.9,667.43,1294.05,0.8671
1,single_car_video_2_speed_1V_2_header.mp4,282,589.21,1195.02,507.35,1095.95,671.06,1294.08,0.8796
1,single_car_video_2_speed_1V_2_header.mp4,283,593.36,1200.82,509.61,1098.38,677.11,1303.26,0.8893
1,single_car_video_2_speed_1V_2_header.mp4,284,598.86,1204.06,513.74,1099.73,683.98,1308.38,0.884
1,single_car_video_2_speed_1V_2_header.mp4,285,601.62,1207.82,517.26,1104.87,685.99,1310.76,0.8769
1,single_car_video_2_speed_1V_2_header.mp4,286,603.09,1211.0,519.3,1108.55,686.88,1313.46,0.8696
1,single_car_video_2_speed_1V_2_header.mp4,287,604.48,1215.74,522.38,1110.81,686.59,1320.67,0.854
1,single_car_video_2_speed_1V_2_header.mp4,288,609.99,1221.42,526.06,1121.66,693.93,1321.18,0.8667
1,single_car_video_2_speed_1V_2_header.mp4,289,610.42,1224.6,527.83,1122.93,693.01,1326.26,0.8726
1,single_car_video_2_speed_1V_2_header.mp4,290,612.59,1231.76,529.39,1128.92,695.78,1334.6,0.8726
1,single_car_video_2_speed_1V_2_header.mp4,291,615.21,1234.19,531.59,1129.41,698.82,1338.98,0.8801
1,single_car_video_2_speed_1V_2_header.mp4,292,616.31,1240.03,532.79,1136.9,699.83,1343.15,0.8738
1,single_car_video_2_speed_1V_2_header.mp4,293,618.87,1242.81,533.23,1140.18,704.5,1345.43,0.8796
1,single_car_video_2_speed_1V_2_header.mp4,294,622.62,1245.35,533.76,1142.74,711.49,1347.95,0.8866
1,single_car_video_2_speed_1V_2_header.mp4,295,624.4,1248.28,534.29,1145.14,714.52,1351.41,0.8946
1,single_car_video_2_speed_1V_2_header.mp4,296,624.53,1253.78,534.83,1150.35,714.24,1357.2,0.8999
1,single_car_video_2_speed_1V_2_header.mp4,297,627.94,1257.25,538.0,1154.4,717.89,1360.11,0.9006
1,single_car_video_2_speed_1V_2_header.mp4,298,629.49,1260.61,541.93,1158.82,717.06,1362.39,0.8849
1,single_car_video_2_speed_1V_2_header.mp4,299,636.29,1264.06,548.08,1161.13,724.49,1366.99,0.8805
1,single_car_video_2_speed_1V_2_header.mp4,300,638.76,1266.65,552.73,1163.53,724.79,1369.78,0.8634
1,single_car_video_2_speed_1V_2_header.mp4,301,641.25,1274.03,555.99,1172.5,726.52,1375.56,0.8789
1,single_car_video_2_speed_1V_2_header.mp4,302,641.83,1279.03,555.37,1175.57,728.29,1382.49,0.8907
1,single_car_video_2_speed_1V_2_header.mp4,303,644.58,1281.32,559.72,1177.37,729.44,1385.27,0.8848
1,single_car_video_2_speed_1V_2_header.mp4,304,651.68,1285.72,568.14,1181.98,735.22,1389.46,0.8878
1,single_car_video_2_speed_1V_2_header.mp4,305,654.12,1290.99,569.9,1186.52,738.34,1395.46,0.8911
1,single_car_video_2_speed_1V_2_header.mp4,306,659.52,1294.47,575.61,1190.82,743.43,1398.13,0.8769
1,single_car_video_2_speed_1V_2_header.mp4,307,662.37,1298.2,577.03,1194.99,747.72,1401.41,0.8809
1,single_car_video_2_speed_1V_2_header.mp4,308,665.78,1304.32,578.36,1198.14,753.21,1410.5,0.897
1,single_car_video_2_speed_1V_2_header.mp4,309,667.51,1308.14,579.56,1202.93,755.45,1413.35,0.8937
1,single_car_video_2_speed_1V_2_header.mp4,310,668.46,1315.81,581.46,1211.19,755.46,1420.43,0.8793
1,single_car_video_2_speed_1V_2_header.mp4,311,672.24,1321.35,584.38,1217.19,760.11,1425.51,0.8652
1,single_car_video_2_speed_1V_2_header.mp4,312,674.28,1322.12,585.66,1215.52,762.89,1428.72,0.8589
1,single_car_video_2_speed_1V_2_header.mp4,313,678.01,1328.16,589.88,1221.19,766.13,1435.13,0.852
1,single_car_video_2_speed_1V_2_header.mp4,314,679.58,1331.39,590.34,1224.08,768.82,1438.71,0.8578
1,single_car_video_2_speed_1V_2_header.mp4,315,682.08,1333.61,592.86,1225.94,771.3,1441.28,0.8603
1,single_car_video_2_speed_1V_2_header.mp4,316,684.45,1337.65,594.94,1228.62,773.95,1446.68,0.8655
1,single_car_video_2_speed_1V_2_header.mp4,317,686.87,1341.25,598.45,1233.03,775.29,1449.47,0.8778
1,single_car_video_2_speed_1V_2_header.mp4,318,693.78,1345.94,604.8,1240.04,782.76,1451.83,0.8772
1,single_car_video_2_speed_1V_2_header.mp4,319,695.88,1349.18,607.51,1242.48,784.24,1455.89,0.8778
1,single_car_video_2_speed_1V_2_header.mp4,320,697.85,1353.25,609.56,1244.97,786.15,1461.53,0.8841
1,single_car_video_2_speed_1V_2_header.mp4,321,701.0,1359.61,614.87,1252.43,787.13,1466.79,0.8721
1,single_car_video_2_speed_1V_2_header.mp4,322,703.91,1364.67,620.21,1257.25,787.61,1472.09,0.8552
1,single_car_video_2_speed_1V_2_header.mp4,323,706.17,1366.52,626.07,1254.99,786.26,1478.04,0.8564
1,single_car_video_2_speed_1V_2_header.mp4,324,707.95,1373.47,627.28,1259.92,788.62,1487.02,0.8801
1,single_car_video_2_speed_1V_2_header.mp4,325,708.78,1379.48,628.46,1270.88,789.09,1488.07,0.875
1,single_car_video_2_speed_1V_2_header.mp4,326,710.38,1385.14,631.67,1276.47,789.08,1493.8,0.8687
1,single_car_video_2_speed_1V_2_header.mp4,327,710.97,1388.37,631.69,1278.02,790.26,1498.72,0.8692
1,single_car_video_2_speed_1V_2_header.mp4,328,711.04,1393.33,633.24,1284.13,788.84,1502.53,0.855
1,single_car_video_2_speed_1V_2_header.mp4,329,712.85,1398.85,634.84,1289.72,790.86,1507.99,0.8689
1,single_car_video_2_speed_1V_2_header.mp4,330,713.42,1404.55,636.28,1294.44,790.56,1514.67,0.8598
1,single_car_video_2_speed_1V_2_header.mp4,331,713.68,1408.28,636.73,1298.09,790.63,1518.46,0.8603
1,single_car_video_2_speed_1V_2_header.mp4,332,713.89,1415.11,637.62,1302.61,790.16,1527.61,0.8588
1,single_car_video_2_speed_1V_2_header.mp4,333,714.75,1418.8,639.85,1305.91,789.65,1531.69,0.8629
1,single_car_video_2_speed_1V_2_header.mp4,334,716.24,1423.31,641.62,1312.6,790.87,1534.02,0.8519
1,single_car_video_2_speed_1V_2_header.mp4,335,715.51,1429.44,643.58,1314.68,787.43,1544.19,0.8502
1,single_car_video_2_speed_1V_2_header.mp4,336,716.02,1436.25,645.15,1320.3,786.9,1552.21,0.8506
1,single_car_video_2_speed_1V_2_header.mp4,337,717.49,1440.77,647.71,1327.28,787.27,1554.25,0.8433
1,single_car_video_2_speed_1V_2_header.mp4,338,715.52,1442.3,650.22,1329.75,780.83,1554.86,0.8378
1,single_car_video_2_speed_1V_2_header.mp4,339,718.24,1452.72,652.33,1338.95,784.14,1566.48,0.8363
1,single_car_video_2_speed_1V_2_header.mp4,340,718.25,1457.67,655.11,1342.81,781.38,1572.54,0.8216
1,single_car_video_2_speed_1V_2_header.mp4,341,719.82,1463.58,655.65,1347.66,783.98,1579.5,0.8505
1,single_car_video_2_speed_1V_2_header.mp4,342,718.52,1468.14,654.54,1354.11,782.51,1582.17,0.8526
1,single_car_video_2_speed_1V_2_header.mp4,343,719.91,1473.3,658.94,1358.57,780.88,1588.03,0.8569
1,single_car_video_2_speed_1V_2_header.mp4,344,721.99,1477.72,661.22,1362.59,782.76,1592.85,0.8554
1,single_car_video_2_speed_1V_2_header.mp4,345,722.42,1482.45,663.69,1364.82,781.16,1600.07,0.846
1,single_car_video_2_speed_1V_2_header.mp4,346,720.67,1485.12,662.2,1366.87,779.14,1603.37,0.8409
1,single_car_video_2_speed_1V_2_header.mp4,347,719.58,1490.05,662.29,1373.2,776.86,1606.9,0.8386
1,single_car_video_2_speed_1V_2_header.mp4,348,718.43,1496.25,663.19,1375.55,773.67,1616.95,0.8367
1,single_car_video_2_speed_1V_2_header.mp4,349,715.99,1511.39,655.63,1392.75,776.36,1630.02,0.8415
1,single_car_video_2_speed_1V_2_header.mp4,350,714.35,1516.68,655.35,1396.34,773.35,1637.02,0.8589
1,single_car_video_2_speed_1V_2_header.mp4,351,715.88,1518.71,659.33,1401.13,772.43,1636.3,0.8374
1,single_car_video_2_speed_1V_2_header.mp4,352,715.6,1522.49,657.9,1404.38,773.3,1640.59,0.843
1,single_car_video_2_speed_1V_2_header.mp4,353,715.07,1525.92,659.41,1410.13,770.74,1641.71,0.8463
1,single_car_video_2_speed_1V_2_header.mp4,354,710.49,1535.96,653.28,1414.36,767.7,1657.57,0.8979
1,single_car_video_2_speed_1V_2_header.mp4,355,710.73,1537.42,654.37,1417.56,767.1,1657.27,0.8537
1,single_car_video_2_speed_1V_2_header.mp4,356,708.68,1543.35,650.74,1425.68,766.63,1661.02,0.8458
1,single_car_video_2_speed_1V_2_header.mp4,357,707.33,1550.6,647.39,1429.88,767.27,1671.33,0.8605
1,single_car_video_2_speed_1V_2_header.mp4,358,706.05,1557.76,647.46,1439.14,764.64,1676.38,0.8755
1,single_car_video_2_speed_1V_2_header.mp4,359,706.99,1567.05,645.66,1446.37,768.32,1687.72,0.831
1,single_car_video_2_speed_1V_2_header.mp4,360,703.1,1567.02,645.9,1451.37,760.3,1682.67,0.8137
1,single_car_video_2_speed_1V_2_header.mp4,361,703.01,1573.57,644.18,1457.06,761.84,1690.09,0.8276
1,single_car_video_2_speed_1V_2_header.mp4,362,702.99,1577.49,642.52,1459.85,763.46,1695.12,0.8282
1,single_car_video_2_speed_1V_2_header.mp4,363,700.57,1583.21,639.18,1461.91,761.95,1704.51,0.829
1,single_car_video_2_speed_1V_2_header.mp4,364,700.63,1587.92,634.55,1469.97,766.71,1705.88,0.8216
1,single_car_video_2_speed_1V_2_header.mp4,365,699.6,1591.54,631.85,1475.3,767.35,1707.78,0.8272
1,single_car_video_2_speed_1V_2_header.mp4,366,698.22,1598.71,625.99,1478.73,770.45,1718.69,0.849
1,single_car_video_2_speed_1V_2_header.mp4,367,697.83,1603.2,624.54,1481.84,771.12,1724.56,0.8641
1,single_car_video_2_speed_1V_2_header.mp4,368,695.45,1609.87,625.17,1488.95,765.73,1730.79,0.8554
1,single_car_video_2_speed_1V_2_header.mp4,369,693.44,1617.32,622.46,1497.07,764.42,1737.56,0.8882
1,single_car_video_2_speed_1V_2_header.mp4,370,692.15,1623.52,619.64,1501.47,764.66,1745.58,0.9069
1,single_car_video_2_speed_1V_2_header.mp4,371,686.76,1625.92,613.92,1504.87,759.6,1746.98,0.9105
1,single_car_video_2_speed_1V_2_header.mp4,372,682.37,1634.56,604.67,1513.82,760.07,1755.29,0.8973
1,single_car_video_2_speed_1V_2_header.mp4,373,681.42,1636.69,601.6,1513.96,761.24,1759.42,0.8886
1,single_car_video_2_speed_1V_2_header.mp4,374,675.15,1643.19,594.04,1521.49,756.25,1764.9,0.8943
1,single_car_video_2_speed_1V_2_header.mp4,375,673.87,1646.88,591.96,1525.27,755.77,1768.49,0.9084
1,single_car_video_2_speed_1V_2_header.mp4,376,672.26,1651.23,590.46,1528.71,754.05,1773.76,0.9084
1,single_car_video_2_speed_1V_2_header.mp4,377,670.15,1655.75,587.66,1531.65,752.64,1779.84,0.8924
1,single_car_video_2_speed_1V_2_header.mp4,378,668.77,1660.63,584.81,1537.64,752.73,1783.61,0.8638
1,single_car_video_2_speed_1V_2_header.mp4,379,665.67,1665.83,580.63,1543.12,750.71,1788.55,0.8711
1,single_car_video_2_speed_1V_2_header.mp4,380,664.44,1673.25,579.11,1552.23,749.77,1794.27,0.8873
1,single_car_video_2_speed_1V_2_header.mp4,381,662.02,1678.71,575.96,1556.62,748.09,1800.81,0.8919
1,single_car_video_2_speed_1V_2_header.mp4,382,658.22,1682.0,568.81,1559.63,747.63,1804.37,0.895
1,single_car_video_2_speed_1V_2_header.mp4,383,653.77,1684.19,562.91,1558.2,744.64,1810.18,0.8996
1,single_car_video_2_speed_1V_2_header.mp4,384,650.22,1691.68,559.08,1568.15,741.36,1815.21,0.9017
1,single_car_video_2_speed_1V_2_header.mp4,385,644.75,1696.41,552.07,1574.8,737.43,1818.02,0.9065
1,single_car_video_2_speed_1V_2_header.mp4,386,636.29,1698.78,545.58,1576.87,727.0,1820.68,0.8931
1,single_car_video_2_speed_1V_2_header.mp4,387,634.0,1704.46,542.64,1584.06,725.35,1824.85,0.8828
1,single_car_video_2_speed_1V_2_header.mp4,388,629.96,1712.48,536.5,1591.35,723.43,1833.6,0.8699
1,single_car_video_2_speed_1V_2_header.mp4,389,626.4,1716.84,530.47,1597.35,722.34,1836.33,0.8955
1,single_car_video_2_speed_1V_2_header.mp4,390,620.93,1721.16,525.47,1601.01,716.38,1841.32,0.8849
1,single_car_video_2_speed_1V_2_header.mp4,391,621.2,1721.73,525.96,1601.76,716.43,1841.69,0.8669
1,single_car_video_2_speed_1V_2_header.mp4,392,615.96,1726.97,518.34,1607.37,713.58,1846.57,0.874
1,single_car_video_2_speed_1V_2_header.mp4,393,612.83,1733.98,513.59,1611.74,712.07,1856.21,0.8929
1,single_car_video_2_speed_1V_2_header.mp4,394,609.44,1736.43,509.21,1613.83,709.67,1859.03,0.899
1,single_car_video_2_speed_1V_2_header.mp4,395,607.18,1740.56,504.55,1620.35,709.8,1860.78,0.898
1,single_car_video_2_speed_1V_2_header.mp4,396,602.57,1743.13,496.67,1621.89,708.47,1864.37,0.901
1,single_car_video_2_speed_1V_2_header.mp4,397,598.58,1746.99,492.55,1626.36,704.61,1867.61,0.9031
1,single_car_video_2_speed_1V_2_header.mp4,398,595.0,1749.42,489.03,1629.13,700.98,1869.71,0.9167
1,single_car_video_2_speed_1V_2_header.mp4,399,586.76,1751.77,478.49,1634.63,695.03,1868.9,0.9118
1,single_car_video_2_speed_1V_2_header.mp4,400,584.44,1760.44,474.92,1645.94,693.96,1874.93,0.9114
1,single_car_video_2_speed_1V_2_header.mp4,401,580.89,1764.56,470.41,1649.55,691.37,1879.56,0.902
1,single_car_video_2_speed_1V_2_header.mp4,402,577.74,1767.62,466.45,1653.39,689.04,1881.84,0.8996
1,single_car_video_2_speed_1V_2_header.mp4,403,571.23,1767.85,462.29,1653.56,680.17,1882.14,0.8899
1,single_car_video_2_speed_1V_2_header.mp4,404,563.37,1770.83,453.32,1659.75,673.42,1881.92,0.8959
1,single_car_video_2_speed_1V_2_header.mp4,405,556.86,1776.4,444.14,1661.84,669.59,1890.95,0.8983
1,single_car_video_2_speed_1V_2_header.mp4,406,553.14,1780.4,438.39,1666.89,667.89,1893.91,0.9084
1,single_car_video_2_speed_1V_2_header.mp4,407,549.32,1784.85,431.67,1669.85,666.98,1899.85,0.9087
1,single_car_video_2_speed_1V_2_header.mp4,408,542.24,1787.41,427.73,1675.25,656.74,1899.57,0.9049
1,single_car_video_2_speed_1V_2_header.mp4,409,539.38,1789.35,425.98,1675.57,652.77,1903.14,0.9101
1,single_car_video_2_speed_1V_2_header.mp4,410,535.36,1790.87,421.35,1677.42,649.36,1904.32,0.9005
1,single_car_video_2_speed_1V_2_header.mp4,411,531.19,1796.09,415.99,1681.76,646.4,1910.42,0.8999
1,single_car_video_2_speed_1V_2_header.mp4,412,527.6,1798.62,409.26,1684.77,645.94,1912.47,0.9163
1,single_car_video_2_speed_1V_2_header.mp4,413,521.08,1801.5,399.55,1691.39,642.6,1911.61,0.9213
1,single_car_video_2_speed_1V_2_header.mp4,414,515.75,1805.31,393.71,1696.49,637.8,1914.12,0.9267
1,single_car_video_2_speed_1V_2_header.mp4,415,510.68,1808.33,387.78,1697.87,633.59,1918.78,0.9229
1,single_car_video_2_speed_1V_2_header.mp4,416,504.27,1810.57,381.0,1702.83,627.53,1918.32,0.9176
1,single_car_video_2_speed_1V_2_header.mp4,417,496.97,1808.92,374.71,1702.39,619.24,1915.45,0.91
1,single_car_video_2_speed_1V_2_header.mp4,418,490.7,1814.58,369.25,1707.64,612.16,1921.52,0.9059
1,single_car_video_2_speed_1V_2_header.mp4,419,486.09,1819.71,364.02,1714.05,608.17,1925.37,0.896
1,single_car_video_2_speed_1V_2_header.mp4,420,480.48,1822.49,358.4,1717.18,602.56,1927.8,0.9014
1,single_car_video_2_speed_1V_2_header.mp4,421,479.96,1824.34,358.68,1718.36,601.23,1930.32,0.9029
1,single_car_video_2_speed_1V_2_header.mp4,422,473.64,1827.78,351.41,1720.03,595.86,1935.52,0.9075
1,single_car_video_2_speed_1V_2_header.mp4,423,464.72,1829.19,339.7,1720.99,589.73,1937.4,0.8987
1,single_car_video_2_speed_1V_2_header.mp4,424,460.84,1836.35,335.99,1726.82,585.68,1945.87,0.8979
1,single_car_video_2_speed_1V_2_header.mp4,425,452.3,1836.76,327.77,1726.43,576.83,1947.08,0.9068
1,single_car_video_2_speed_1V_2_header.mp4,426,449.51,1839.74,325.32,1727.78,573.69,1951.69,0.9102
1,single_car_video_2_speed_1V_2_header.mp4,427,445.62,1844.98,320.91,1734.77,570.33,1955.19,0.9024
1,single_car_video_2_speed_1V_2_header.mp4,428,439.66,1851.59,320.25,1744.89,559.08,1958.29,0.8992
1,single_car_video_2_speed_1V_2_header.mp4,429,436.44,1854.74,316.15,1748.06,556.74,1961.43,0.8978
1,single_car_video_2_speed_1V_2_header.mp4,430,433.0,1857.63,313.85,1750.86,552.15,1964.4,0.9104
1,single_car_video_2_speed_1V_2_header.mp4,431,427.58,1861.35,306.13,1753.34,549.03,1969.37,0.926
1,single_car_video_2_speed_1V_2_header.mp4,432,422.17,1866.05,299.08,1757.18,545.26,1974.91,0.9303
1,single_car_video_2_speed_1V_2_header.mp4,433,417.32,1867.44,292.28,1758.53,542.37,1976.35,0.9349
1,single_car_video_2_speed_1V_2_header.mp4,434,412.33,1869.89,284.93,1762.09,539.74,1977.69,0.9388
1,single_car_video_2_speed_1V_2_header.mp4,435,409.66,1876.14,283.24,1767.5,536.08,1984.78,0.9215
1,single_car_video_2_speed_1V_2_header.mp4,436,402.62,1881.05,276.06,1772.72,529.18,1989.39,0.9228
1,single_car_video_2_speed_1V_2_header.mp4,437,397.43,1881.38,273.29,1770.86,521.56,1991.9,0.9242
1,single_car_video_2_speed_1V_2_header.mp4,438,393.2,1885.12,267.76,1774.54,518.63,1995.69,0.9169
1,single_car_video_2_speed_1V_2_header.mp4,439,387.97,1889.08,263.83,1777.14,512.1,2001.03,0.9061
1,single_car_video_2_speed_1V_2_header.mp4,440,383.29,1891.01,258.87,1779.71,507.71,2002.31,0.8985
1,single_car_video_2_speed_1V_2_header.mp4,441,381.17,1891.53,259.07,1781.5,503.27,2001.57,0.8991
1,single_car_video_2_speed_1V_2_header.mp4,442,376.32,1894.64,253.75,1783.23,498.88,2006.05,0.9054
1,single_car_video_2_speed_1V_2_header.mp4,443,371.42,1899.3,245.98,1789.31,496.86,2009.28,0.9186
1,single_car_video_2_speed_1V_2_header.mp4,444,365.74,1904.03,239.38,1795.81,492.1,2012.24,0.9257
1,single_car_video_2_speed_1V_2_header.mp4,445,361.56,1909.35,234.57,1801.88,488.56,2016.81,0.9376
1,single_car_video_2_speed_1V_2_header.mp4,446,357.52,1914.3,228.84,1805.73,486.21,2022.86,0.9423
1,single_car_video_2_speed_1V_2_header.mp4,447,351.6,1916.15,223.38,1805.83,479.82,2026.47,0.9355
1,single_car_video_2_speed_1V_2_header.mp4,448,346.49,1918.63,219.4,1809.8,473.58,2027.46,0.9322
1,single_car_video_2_speed_1V_2_header.mp4,449,341.45,1922.46,215.27,1814.74,467.64,2030.17,0.9278
1,single_car_video_2_speed_1V_2_header.mp4,450,335.47,1925.33,211.94,1818.97,458.99,2031.68,0.9264
1,single_car_video_2_speed_1V_2_header.mp4,451,332.14,1932.84,207.57,1828.89,456.7,2036.78,0.9173
1,single_car_video_2_speed_1V_2_header.mp4,452,326.54,1933.04,201.88,1824.29,451.21,2041.78,0.905
1,single_car_video_2_speed_1V_2_header.mp4,453,320.82,1937.1,192.96,1823.84,448.68,2050.36,0.9015
1,single_car_video_2_speed_1V_2_header.mp4,454,315.95,1940.03,187.32,1829.27,444.59,2050.78,0.901
1,single_car_video_2_speed_1V_2_header.mp4,455,311.61,1941.7,182.34,1831.01,440.88,2052.38,0.9048
1,single_car_video_2_speed_1V_2_header.mp4,456,306.08,1945.62,174.34,1835.03,437.83,2056.22,0.9149
1,single_car_video_2_speed_1V_2_header.mp4,457,303.24,1947.33,172.93,1836.98,433.56,2057.69,0.9154
1,single_car_video_2_speed_1V_2_header.mp4,458,296.67,1950.14,168.44,1840.83,424.91,2059.46,0.9087
1,single_car_video_2_speed_1V_2_header.mp4,459,292.86,1955.67,163.75,1846.63,421.96,2064.71,0.9004
1,single_car_video_2_speed_1V_2_header.mp4,460,286.14,1961.05,161.03,1853.84,411.25,2068.26,0.8906
1,single_car_video_2_speed_1V_2_header.mp4,461,281.77,1963.55,157.56,1852.82,405.97,2074.28,0.9069
1,single_car_video_2_speed_1V_2_header.mp4,462,276.75,1966.76,150.59,1853.4,402.91,2080.11,0.8958
1,single_car_video_2_speed_1V_2_header.mp4,463,270.59,1969.78,143.9,1858.21,397.27,2081.34,0.9245
1,single_car_video_2_speed_1V_2_header.mp4,464,264.19,1975.26,134.19,1866.13,394.19,2084.4,0.9249
1,single_car_video_2_speed_1V_2_header.mp4,465,257.47,1982.01,127.82,1872.74,387.12,2091.27,0.9225
1,single_car_video_2_speed_1V_2_header.mp4,466,253.29,1986.09,121.64,1879.38,384.94,2092.79,0.9318
1,single_car_video_2_speed_1V_2_header.mp4,467,244.28,1985.3,114.9,1874.95,373.65,2095.65,0.9214
1,single_car_video_2_speed_1V_2_header.mp4,468,239.92,1987.94,114.1,1881.96,365.74,2093.93,0.9095
1,single_car_video_2_speed_1V_2_header.mp4,469,234.51,1990.65,107.25,1886.15,361.77,2095.15,0.906
1,single_car_video_2_speed_1V_2_header.mp4,470,227.02,1990.92,96.77,1884.13,357.27,2097.72,0.895
1,single_car_video_2_speed_1V_2_header.mp4,471,220.82,1993.71,92.96,1892.64,348.68,2094.79,0.9021
1,single_car_video_2_speed_1V_2_header.mp4,472,213.66,1998.72,82.84,1901.35,344.48,2096.09,0.9162
1,single_car_video_2_speed_1V_2_header.mp4,473,208.09,1999.8,76.13,1900.98,340.04,2098.62,0.9214
1,single_car_video_2_speed_1V_2_header.mp4,474,203.66,2003.66,69.5,1905.79,337.83,2101.54,0.9262
1,single_car_video_2_speed_1V_2_header.mp4,475,199.85,2004.79,65.94,1909.73,333.77,2099.85,0.9183
1,single_car_video_2_speed_1V_2_header.mp4,476,194.45,2002.95,62.24,1908.58,326.66,2097.32,0.9018
1,single_car_video_2_speed_1V_2_header.mp4,477,186.37,2005.62,54.83,1909.68,317.91,2101.55,0.8917
1,single_car_video_2_speed_1V_2_header.mp4,478,182.37,2004.84,49.23,1910.01,315.52,2099.68,0.9044
1,single_car_video_2_speed_1V_2_header.mp4,479,172.66,2005.25,38.9,1910.21,306.43,2100.29,0.913
1,single_car_video_2_speed_1V_2_header.mp4,480,165.15,2008.78,31.55,1912.86,298.75,2104.7,0.9134
1,single_car_video_2_speed_1V_2_header.mp4,481,157.75,2007.78,22.45,1913.49,293.04,2102.06,0.9365
1,single_car_video_2_speed_1V_2_header.mp4,482,152.73,2009.62,17.01,1918.13,288.45,2101.12,0.9458
1,single_car_video_2_speed_1V_2_header.mp4,483,149.42,2009.06,12.1,1916.81,286.74,2101.31,0.9454
1,single_car_video_2_speed_1V_2_header.mp4,484,145.92,2008.65,7.58,1915.73,284.25,2101.57,0.934
1,single_car_video_2_speed_1V_2_header.mp4,485,138.78,2008.42,4.3,1917.46,273.26,2099.39,0.9218
1,single_car_video_2_speed_1V_2_header.mp4,486,134.5,2009.62,1.89,1919.08,267.1,2100.15,0.9102
1,single_car_video_2_speed_1V_2_header.mp4,487,130.57,2013.9,0.4,1928.47,260.75,2099.33,0.9033
1,single_car_video_2_speed_1V_2_header.mp4,488,126.19,2014.14,0.0,1929.34,252.39,2098.95,0.8906
1,single_car_video_2_speed_1V_2_header.mp4,489,122.92,2014.46,0.02,1933.48,245.81,2095.44,0.8769
1,single_car_video_2_speed_1V_2_header.mp4,490,121.31,2015.15,2.97,1935.01,239.65,2095.29,0.8956
1,single_car_video_2_speed_1V_2_header.mp4,491,119.51,2013.31,3.09,1935.04,235.92,2091.57,0.9
1,single_car_video_2_speed_1V_2_header.mp4,492,118.43,2012.55,2.67,1932.76,234.19,2092.34,0.9018
1,single_car_video_2_speed_1V_2_header.mp4,493,112.91,2013.21,1.87,1934.07,223.95,2092.36,0.8961
1,single_car_video_2_speed_1V_2_header.mp4,494,108.92,2012.08,1.44,1933.08,216.4,2091.09,0.8802
1,single_car_video_2_speed_1V_2_header.mp4,495,106.54,2011.85,1.49,1933.84,211.59,2089.87,0.8789
1,single_car_video_2_speed_1V_2_header.mp4,496,102.86,2011.29,0.31,1934.46,205.4,2088.12,0.8598
1,single_car_video_2_speed_1V_2_header.mp4,497,101.41,2010.29,0.0,1934.15,202.82,2086.43,0.8637
1,single_car_video_2_speed_1V_2_header.mp4,498,97.36,2012.0,0.0,1939.98,194.72,2084.02,0.8269
1,single_car_video_2_speed_1V_2_header.mp4,499,94.9,2009.31,0.0,1937.03,189.8,2081.58,0.8242
1,single_car_video_2_speed_1V_2_header.mp4,500,91.65,2009.97,0.0,1937.67,183.31,2082.26,0.8137
1,single_car_video_2_speed_1V_2_header.mp4,501,89.61,2006.7,0.0,1932.33,179.23,2081.07,0.8043
1,single_car_video_2_speed_1V_2_header.mp4,502,86.1,2006.24,0.0,1932.21,172.19,2080.27,0.7666
1,single_car_video_2_speed_1V_2_header.mp4,503,83.06,2000.57,0.08,1931.36,166.05,2069.78,0.7693
1,single_car_video_2_speed_1V_2_header.mp4,504,81.47,2002.93,0.31,1931.72,162.63,2074.14,0.7676
1,single_car_video_2_speed_1V_2_header.mp4,505,79.26,2000.75,2.7,1934.0,155.81,2067.5,0.7594
1,single_car_video_2_speed_1V_2_header.mp4,506,77.69,2000.76,0.69,1936.22,154.7,2065.31,0.7772
1,single_car_video_2_speed_1V_2_header.mp4,507,74.18,2000.39,3.43,1934.41,144.93,2066.37,0.802
1,single_car_video_2_speed_1V_2_header.mp4,508,71.69,1999.18,2.72,1931.55,140.66,2066.81,0.7516
1,single_car_video_2_speed_1V_2_header.mp4,509,69.23,1996.47,3.26,1931.63,135.21,2061.32,0.7582
1,single_car_video_2_speed_1V_2_header.mp4,510,65.91,1994.31,2.19,1929.16,129.62,2059.46,0.7643
1,single_car_video_2_speed_1V_2_header.mp4,511,62.15,1994.13,1.18,1929.71,123.11,2058.56,0.7554
1,single_car_video_2_speed_1V_2_header.mp4,512,59.11,1992.43,0.0,1923.82,118.22,2061.04,0.8198
1,single_car_video_2_speed_1V_2_header.mp4,513,56.69,1991.31,0.0,1925.12,113.38,2057.49,0.7934
1,single_car_video_2_speed_1V_2_header.mp4,514,55.07,1992.67,0.0,1924.34,110.14,2061.0,0.7886
1,single_car_video_2_speed_1V_2_header.mp4,515,53.0,1987.66,0.0,1916.49,105.99,2058.82,0.8322
1,single_car_video_2_speed_1V_2_header.mp4,516,50.63,1968.65,0.0,1879.22,101.26,2058.08,0.8682
1,single_car_video_2_speed_1V_2_header.mp4,517,48.98,1976.87,0.0,1896.51,97.95,2057.22,0.8397
1,single_car_video_2_speed_1V_2_header.mp4,518,45.12,1980.79,0.0,1907.24,90.25,2054.34,0.8509
1,single_car_video_2_speed_1V_2_header.mp4,519,43.44,1969.81,0.0,1887.14,86.88,2052.47,0.8718
1,single_car_video_2_speed_1V_2_header.mp4,520,41.89,1961.38,0.0,1872.14,83.79,2050.62,0.8504
1,single_car_video_2_speed_1V_2_header.mp4,521,38.53,1957.46,0.0,1866.82,77.06,2048.1,0.8122
1,single_car_video_2_speed_1V_2_header.mp4,522,36.76,1952.42,0.0,1859.48,73.51,2045.35,0.7391
1,single_car_video_2_speed_1V_2_header.mp4,523,34.48,1967.12,0.0,1891.23,68.97,2043.01,0.6871
1,single_car_video_2_speed_1V_2_header.mp4,524,34.56,1970.68,0.0,1900.19,69.12,2041.16,0.6273
1,single_car_video_2_speed_1V_2_header.mp4,525,33.88,1968.36,0.0,1901.74,67.77,2034.98,0.6767
1,single_car_video_2_speed_1V_2_header.mp4,526,30.51,1964.45,0.0,1901.57,61.03,2027.33,0.7128
1,single_car_video_2_speed_1V_2_header.mp4,527,30.96,1963.13,0.09,1900.15,61.83,2026.11,0.6974
1,single_car_video_2_speed_1V_2_header.mp4,528,31.05,1962.44,0.26,1902.11,61.84,2022.77,0.6637
1,single_car_video_2_speed_1V_2_header.mp4,529,22.04,1959.4,0.95,1901.15,43.13,2017.65,0.563
1,single_car_video_2_speed_1V_2_header.mp4,530,18.3,1948.86,0.83,1889.19,35.77,2008.53,0.532
1,single_car_video_2_speed_1V_2_header.mp4,531,16.38,1944.31,0.88,1889.29,31.89,1999.34,0.5364
1,single_car_video_2_speed_1V_2_header.mp4,532,15.91,1943.26,1.11,1889.44,30.71,1997.08,0.4594
1,single_car_video_2_speed_1V_2_header.mp4,533,15.11,1935.77,1.28,1887.16,28.94,1984.38,0.405
1,single_car_video_2_speed_1V_2_header.mp4,534,12.1,1931.86,0.45,1888.72,23.76,1975.01,0.3266
2,single_car_video_3_speed_1V_3_header.mp4,0,64.85,396.85,2.15,317.52,127.56,476.19,0.7889
2,single_car_video_3_speed_1V_3_header.mp4,1,64.2,396.2,0.0,310.0,128.4,482.39,0.8675
2,single_car_video_3_speed_1V_3_header.mp4,2,67.06,396.34,0.0,310.0,134.13,482.68,0.8385
2,single_car_video_3_speed_1V_3_header.mp4,3,65.11,397.02,0.0,310.0,130.21,484.04,0.8514
2,single_car_video_3_speed_1V_3_header.mp4,4,66.08,396.24,0.0,310.0,132.16,482.48,0.8404
2,single_car_video_3_speed_1V_3_header.mp4,5,68.44,399.68,1.36,310.0,135.52,489.36,0.8256
2,single_car_video_3_speed_1V_3_header.mp4,6,69.54,401.76,1.21,310.0,137.88,493.53,0.8223
2,single_car_video_3_speed_1V_3_header.mp4,7,71.89,405.58,0.93,311.59,142.86,499.57,0.8057
2,single_car_video_3_speed_1V_3_header.mp4,8,75.76,407.74,0.69,312.94,150.84,502.54,0.8056
2,single_car_video_3_speed_1V_3_header.mp4,9,77.51,410.68,0.42,315.7,154.59,505.67,0.8018
2,single_car_video_3_speed_1V_3_header.mp4,10,79.25,410.49,3.14,318.03,155.37,502.95,0.8083
2,single_car_video_3_speed_1V_3_header.mp4,11,79.16,413.28,2.75,319.84,155.56,506.72,0.828
2,single_car_video_3_speed_1V_3_header.mp4,12,80.13,416.5,2.44,323.6,157.82,509.4,0.8377
2,single_car_video_3_speed_1V_3_header.mp4,13,80.63,419.63,1.75,324.19,159.51,515.07,0.8487
2,single_car_video_3_speed_1V_3_header.mp4,14,82.25,421.85,1.48,325.03,163.03,518.67,0.8628
2,single_car_video_3_speed_1V_3_header.mp4,15,81.98,423.05,1.44,323.99,162.52,522.11,0.8571
2,single_car_video_3_speed_1V_3_header.mp4,16,82.32,423.99,1.62,324.23,163.03,523.76,0.85
2,single_car_video_3_speed_1V_3_header.mp4,17,82.77,428.94,1.68,329.69,163.87,528.18,0.8543
2,single_car_video_3_speed_1V_3_header.mp4,18,84.59,437.44,1.99,342.58,167.18,532.31,0.8619
2,single_car_video_3_speed_1V_3_header.mp4,19,86.37,439.68,2.73,346.41,170.0,532.95,0.8547
2,single_car_video_3_speed_1V_3_header.mp4,20,87.39,445.33,2.69,348.42,172.08,542.25,0.8553
2,single_car_video_3_speed_1V_3_header.mp4,21,88.92,447.57,2.96,350.62,174.89,544.51,0.8605
2,single_car_video_3_speed_1V_3_header.mp4,22,90.96,447.86,2.91,349.79,179.01,545.92,0.8668
2,single_car_video_3_speed_1V_3_header.mp4,23,91.78,450.34,3.83,352.66,179.72,548.02,0.8435
2,single_car_video_3_speed_1V_3_header.mp4,24,89.6,452.1,1.36,351.69,177.83,552.51,0.832
2,single_car_video_3_speed_1V_3_header.mp4,25,92.9,458.88,5.74,362.92,180.07,554.84,0.8472
2,single_car_video_3_speed_1V_3_header.mp4,26,94.31,460.78,5.45,365.41,183.17,556.15,0.8573
2,single_car_video_3_speed_1V_3_header.mp4,27,96.2,462.49,5.83,366.98,186.57,558.0,0.8399
2,single_car_video_3_speed_1V_3_header.mp4,28,97.14,464.95,3.71,367.63,190.56,562.26,0.8484
2,single_car_video_3_speed_1V_3_header.mp4,29,100.84,474.57,10.27,378.9,191.42,570.24,0.866
2,single_car_video_3_speed_1V_3_header.mp4,30,102.21,476.41,10.43,379.31,193.99,573.5,0.8687
2,single_car_video_3_speed_1V_3_header.mp4,31,103.5,479.16,13.54,382.95,193.46,575.37,0.8846
2,single_car_video_3_speed_1V_3_header.mp4,32,103.07,484.96,13.09,392.77,193.06,577.14,0.8763
2,single_car_video_3_speed_1V_3_header.mp4,33,107.11,484.39,11.84,390.2,202.37,578.59,0.8782
2,single_car_video_3_speed_1V_3_header.mp4,34,111.68,488.55,20.6,396.91,202.77,580.19,0.8685
2,single_car_video_3_speed_1V_3_header.mp4,35,115.42,492.54,26.23,402.21,204.61,582.88,0.8615
2,single_car_video_3_speed_1V_3_header.mp4,36,119.32,498.33,27.91,404.73,210.72,591.93,0.8602
2,single_car_video_3_speed_1V_3_header.mp4,37,118.68,500.98,24.66,407.64,212.7,594.33,0.86
2,single_car_video_3_speed_1V_3_header.mp4,38,123.93,501.24,34.25,408.04,213.6,594.44,0.8513
2,single_car_video_3_speed_1V_3_header.mp4,39,128.39,505.95,40.17,415.49,216.61,596.42,0.8602
2,single_car_video_3_speed_1V_3_header.mp4,40,130.11,512.53,41.1,421.71,219.12,603.35,0.8712
2,single_car_video_3_speed_1V_3_header.mp4,41,134.71,514.66,48.87,424.17,220.55,605.15,0.8726
2,single_car_video_3_speed_1V_3_header.mp4,42,139.75,517.14,58.07,427.03,221.42,607.24,0.8688
2,single_car_video_3_speed_1V_3_header.mp4,43,139.77,522.7,58.82,429.15,220.71,616.26,0.8825
2,single_car_video_3_speed_1V_3_header.mp4,44,141.1,524.84,60.96,429.91,221.24,619.77,0.8792
2,single_car_video_3_speed_1V_3_header.mp4,45,143.4,527.35,63.53,430.77,223.26,623.94,0.8606
2,single_car_video_3_speed_1V_3_header.mp4,46,146.46,530.14,64.84,432.47,228.07,627.82,0.8511
2,single_car_video_3_speed_1V_3_header.mp4,47,148.08,533.51,65.59,436.97,230.56,630.04,0.8462
2,single_car_video_3_speed_1V_3_header.mp4,48,151.18,537.48,68.71,443.19,233.66,631.77,0.8508
2,single_car_video_3_speed_1V_3_header.mp4,49,152.42,541.7,67.65,447.59,237.19,635.8,0.8695
2,single_car_video_3_speed_1V_3_header.mp4,50,155.04,544.67,71.63,451.95,238.46,637.38,0.8754
2,single_car_video_3_speed_1V_3_header.mp4,51,154.89,546.53,71.13,453.4,238.65,639.67,0.8705
2,single_car_video_3_speed_1V_3_header.mp4,52,157.85,552.11,74.75,461.04,240.94,643.19,0.8461
2,single_car_video_3_speed_1V_3_header.mp4,53,160.04,555.58,74.02,461.66,246.07,649.5,0.8378
2,single_car_video_3_speed_1V_3_header.mp4,54,163.45,558.59,75.62,464.03,251.29,653.15,0.8298
2,single_car_video_3_speed_1V_3_header.mp4,55,164.6,563.64,77.86,470.99,251.34,656.28,0.8061
2,single_car_video_3_speed_1V_3_header.mp4,56,168.84,567.7,81.13,473.15,256.54,662.24,0.8177
2,single_car_video_3_speed_1V_3_header.mp4,57,172.13,571.56,87.04,474.81,257.22,668.31,0.8471
2,single_car_video_3_speed_1V_3_header.mp4,58,172.32,574.54,87.22,478.23,257.41,670.85,0.8489
2,single_car_video_3_speed_1V_3_header.mp4,59,173.53,577.2,87.21,478.57,259.84,675.83,0.8484
2,single_car_video_3_speed_1V_3_header.mp4,60,176.32,579.76,89.48,481.67,263.16,677.85,0.8735
2,single_car_video_3_speed_1V_3_header.mp4,61,178.67,581.55,91.52,482.2,265.82,680.91,0.8548
2,single_car_video_3_speed_1V_3_header.mp4,62,180.7,581.68,92.51,481.2,268.9,682.17,0.8507
2,single_car_video_3_speed_1V_3_header.mp4,63,181.88,586.26,93.58,490.71,270.17,681.82,0.8597
2,single_car_video_3_speed_1V_3_header.mp4,64,188.6,592.6,106.43,502.27,270.77,682.94,0.8499
2,single_car_video_3_speed_1V_3_header.mp4,65,194.05,597.94,113.05,502.61,275.05,693.27,0.8505
2,single_car_video_3_speed_1V_3_header.mp4,66,194.61,600.98,114.0,507.24,275.21,694.71,0.8541
2,single_car_video_3_speed_1V_3_header.mp4,67,196.41,603.22,114.63,508.05,278.19,698.38,0.8559
2,single_car_video_3_speed_1V_3_header.mp4,68,198.42,605.42,117.84,510.43,278.99,700.41,0.8608
2,single_car_video_3_speed_1V_3_header.mp4,69,200.52,608.84,119.01,514.35,282.03,703.33,0.8618
2,single_car_video_3_speed_1V_3_header.mp4,70,202.08,612.89,121.21,520.6,282.95,705.19,0.8522
2,single_car_video_3_speed_1V_3_header.mp4,71,203.92,615.32,121.4,523.0,286.44,707.63,0.8528
2,single_car_video_3_speed_1V_3_header.mp4,72,204.79,618.83,121.74,526.34,287.83,711.33,0.8627
2,single_car_video_3_speed_1V_3_header.mp4,73,206.04,621.93,122.83,529.13,289.24,714.73,0.8639
2,single_car_video_3_speed_1V_3_header.mp4,74,208.55,626.42,123.31,532.49,293.79,720.35,0.8734
2,single_car_video_3_speed_1V_3_header.mp4,75,208.96,631.31,126.01,537.17,291.92,725.45,0.8725
2,single_car_video_3_speed_1V_3_header.mp4,76,212.51,635.74,128.62,544.06,296.4,727.41,0.8666
2,single_car_video_3_speed_1V_3_header.mp4,77,213.85,641.42,130.68,545.62,297.01,737.22,0.8596
2,single_car_video_3_speed_1V_3_header.mp4,78,215.71,647.31,130.93,549.72,300.48,744.9,0.8583
2,single_car_video_3_speed_1V_3_header.mp4,79,214.42,651.5,132.93,555.31,295.9,747.68,0.8448
2,single_car_video_3_speed_1V_3_header.mp4,80,221.63,654.36,150.12,557.0,293.15,751.72,0.8577
2,single_car_video_3_speed_1V_3_header.mp4,81,223.84,658.68,151.34,560.23,296.34,757.13,0.8292
2,single_car_video_3_speed_1V_3_header.mp4,82,224.96,663.36,153.21,565.05,296.71,761.68,0.8253
2,single_car_video_3_speed_1V_3_header.mp4,83,226.62,668.01,156.76,570.33,296.48,765.69,0.8575
2,single_car_video_3_speed_1V_3_header.mp4,84,219.39,674.08,142.43,577.46,296.35,770.7,0.8214
2,single_car_video_3_speed_1V_3_header.mp4,85,220.5,677.13,143.75,579.95,297.25,774.31,0.8217
2,single_car_video_3_speed_1V_3_header.mp4,86,225.07,679.15,154.67,580.6,295.47,777.7,0.8298
2,single_car_video_3_speed_1V_3_header.mp4,87,225.21,682.43,156.41,583.47,294.01,781.38,0.8396
2,single_car_video_3_speed_1V_3_header.mp4,88,225.0,686.52,156.84,588.04,293.16,785.0,0.8432
2,single_car_video_3_speed_1V_3_header.mp4,89,223.29,690.19,155.34,593.45,291.23,786.92,0.8344
2,single_car_video_3_speed_1V_3_header.mp4,90,224.33,698.22,155.75,600.27,292.91,796.18,0.8433
2,single_car_video_3_speed_1V_3_header.mp4,91,224.25,701.05,157.15,602.47,291.34,799.62,0.8319
2,single_car_video_3_speed_1V_3_header.mp4,92,222.25,705.47,154.95,605.46,289.55,805.49,0.8848
2,single_car_video_3_speed_1V_3_header.mp4,93,220.7,708.11,153.58,608.24,287.82,807.99,0.8813
2,single_car_video_3_speed_1V_3_header.mp4,94,219.07,711.82,152.23,612.86,285.92,810.77,0.8978
2,single_car_video_3_speed_1V_3_header.mp4,95,218.98,717.22,150.87,622.46,287.09,811.98,0.8577
2,single_car_video_3_speed_1V_3_header.mp4,96,220.85,724.94,156.22,626.17,285.49,823.71,0.8519
2,single_car_video_3_speed_1V_3_header.mp4,97,219.62,728.62,155.37,628.96,283.87,828.27,0.8965
2,single_car_video_3_speed_1V_3_header.mp4,98,216.52,732.46,150.74,632.87,282.3,832.04,0.9102
2,single_car_video_3_speed_1V_3_header.mp4,99,215.8,735.58,149.13,636.07,282.47,835.09,0.9196
2,single_car_video_3_speed_1V_3_header.mp4,100,216.15,740.41,150.18,642.67,282.12,838.16,0.9067
2,single_car_video_3_speed_1V_3_header.mp4,101,216.22,748.11,151.48,649.81,280.96,846.41,0.8445
2,single_car_video_3_speed_1V_3_header.mp4,102,217.65,751.64,155.71,652.52,279.6,850.77,0.8875
2,single_car_video_3_speed_1V_3_header.mp4,103,215.57,755.75,151.84,656.28,279.31,855.22,0.8802
2,single_car_video_3_speed_1V_3_header.mp4,104,213.82,758.77,148.77,659.53,278.88,858.01,0.88
2,single_car_video_3_speed_1V_3_header.mp4,105,212.16,763.62,145.47,663.29,278.86,863.94,0.8062
2,single_car_video_3_speed_1V_3_header.mp4,106,210.53,771.04,147.26,671.91,273.8,870.17,0.867
2,single_car_video_3_speed_1V_3_header.mp4,107,210.35,774.36,147.97,675.29,272.72,873.44,0.864
2,single_car_video_3_speed_1V_3_header.mp4,108,211.65,776.7,145.1,677.9,278.2,875.49,0.8864
2,single_car_video_3_speed_1V_3_header.mp4,109,211.67,781.41,142.17,680.73,281.16,882.08,0.8639
2,single_car_video_3_speed_1V_3_header.mp4,110,208.5,784.87,138.56,683.9,278.44,885.83,0.858
2,single_car_video_3_speed_1V_3_header.mp4,111,207.08,790.83,140.61,692.85,273.54,888.82,0.8091
2,single_car_video_3_speed_1V_3_header.mp4,112,202.0,795.31,133.59,695.78,270.4,894.84,0.8263
2,single_car_video_3_speed_1V_3_header.mp4,113,207.28,800.63,135.49,702.51,279.06,898.76,0.8275
2,single_car_video_3_speed_1V_3_header.mp4,114,205.67,804.39,131.93,706.07,279.4,902.7,0.8501
2,single_car_video_3_speed_1V_3_header.mp4,115,198.79,809.95,128.42,708.75,269.16,911.14,0.8049
2,single_car_video_3_speed_1V_3_header.mp4,116,202.04,813.57,127.34,715.8,276.75,911.35,0.808
2,single_car_video_3_speed_1V_3_header.mp4,117,201.29,820.53,124.99,720.71,277.6,920.35,0.8177
2,single_car_video_3_speed_1V_3_header.mp4,118,196.83,823.86,119.5,725.2,274.16,922.53,0.7893
2,single_car_video_3_speed_1V_3_header.mp4,119,194.23,827.69,116.82,727.54,271.63,927.83,0.8558
2,single_car_video_3_speed_1V_3_header.mp4,120,191.01,829.61,110.27,729.33,271.76,929.9,0.8582
2,single_car_video_3_speed_1V_3_header.mp4,121,190.39,833.62,107.34,731.88,273.44,935.36,0.8691
2,single_car_video_3_speed_1V_3_header.mp4,122,189.32,835.1,107.01,735.14,271.63,935.05,0.8456
2,single_car_video_3_speed_1V_3_header.mp4,123,187.22,840.45,107.11,743.5,267.32,937.41,0.8579
2,single_car_video_3_speed_1V_3_header.mp4,124,184.21,846.55,101.53,747.42,266.89,945.67,0.8741
2,single_car_video_3_speed_1V_3_header.mp4,125,183.95,848.9,99.73,749.08,268.16,948.73,0.8786
2,single_car_video_3_speed_1V_3_header.mp4,126,178.89,856.17,92.12,756.51,265.65,955.82,0.8729
2,single_car_video_3_speed_1V_3_header.mp4,127,173.12,860.08,83.87,760.88,262.37,959.29,0.8552
2,single_car_video_3_speed_1V_3_header.mp4,128,167.83,861.72,81.02,763.04,254.65,960.4,0.8363
2,single_car_video_3_speed_1V_3_header.mp4,129,167.37,866.06,80.71,765.1,254.04,967.02,0.8249
2,single_car_video_3_speed_1V_3_header.mp4,130,164.51,869.72,75.36,767.79,253.66,971.65,0.8517
2,single_car_video_3_speed_1V_3_header.mp4,131,162.99,873.17,72.25,773.69,253.72,972.66,0.871
2,single_car_video_3_speed_1V_3_header.mp4,132,161.56,877.34,69.4,778.98,253.72,975.7,0.8813
2,single_car_video_3_speed_1V_3_header.mp4,133,158.21,881.32,66.28,784.74,250.15,977.89,0.8848
2,single_car_video_3_speed_1V_3_header.mp4,134,154.95,883.8,62.69,788.02,247.21,979.59,0.8804
2,single_car_video_3_speed_1V_3_header.mp4,135,151.69,887.06,60.83,790.23,242.55,983.88,0.8883
2,single_car_video_3_speed_1V_3_header.mp4,136,148.55,893.54,56.54,794.6,240.55,992.49,0.902
2,single_car_video_3_speed_1V_3_header.mp4,137,147.26,900.84,55.48,800.77,239.04,1000.92,0.9039
2,single_car_video_3_speed_1V_3_header.mp4,138,143.51,900.51,50.75,800.32,236.27,1000.71,0.8916
2,single_car_video_3_speed_1V_3_header.mp4,139,138.09,902.92,42.03,803.68,234.15,1002.16,0.8933
2,single_car_video_3_speed_1V_3_header.mp4,140,133.97,906.55,37.19,809.76,230.75,1003.33,0.8837
2,single_car_video_3_speed_1V_3_header.mp4,141,126.67,908.72,31.48,812.55,221.86,1004.89,0.8651
2,single_car_video_3_speed_1V_3_header.mp4,142,125.35,909.2,29.72,814.74,220.98,1003.66,0.8689
2,single_car_video_3_speed_1V_3_header.mp4,143,115.45,913.68,17.25,820.21,213.65,1007.14,0.8664
2,single_car_video_3_speed_1V_3_header.mp4,144,109.95,918.57,6.8,824.2,213.1,1012.94,0.8571
2,single_car_video_3_speed_1V_3_header.mp4,145,108.42,922.11,5.33,829.32,211.51,1014.91,0.8589
2,single_car_video_3_speed_1V_3_header.mp4,146,108.32,923.91,5.88,833.08,210.77,1014.75,0.8587
2,single_car_video_3_speed_1V_3_header.mp4,147,104.42,929.14,1.86,835.94,206.99,1022.34,0.8762
2,single_car_video_3_speed_1V_3_header.mp4,148,103.16,931.1,1.58,837.97,204.73,1024.23,0.8803
2,single_car_video_3_speed_1V_3_header.mp4,149,101.45,933.05,1.18,840.27,201.72,1025.84,0.8894
2,single_car_video_3_speed_1V_3_header.mp4,150,98.01,935.81,1.4,841.96,194.61,1029.65,0.8991
2,single_car_video_3_speed_1V_3_header.mp4,151,96.73,940.39,1.34,845.21,192.11,1035.58,0.8999
2,single_car_video_3_speed_1V_3_header.mp4,152,94.77,945.33,1.26,849.52,188.29,1041.14,0.8909
2,single_car_video_3_speed_1V_3_header.mp4,153,92.62,949.14,0.23,850.97,185.01,1047.31,0.8936
2,single_car_video_3_speed_1V_3_header.mp4,154,91.14,954.56,0.14,855.86,182.15,1053.26,0.8964
2,single_car_video_3_speed_1V_3_header.mp4,155,87.07,956.79,0.07,860.6,174.06,1052.98,0.872
2,single_car_video_3_speed_1V_3_header.mp4,156,85.69,960.64,0.0,862.66,171.37,1058.62,0.8497
2,single_car_video_3_speed_1V_3_header.mp4,157,83.22,964.95,2.5,866.97,163.94,1062.93,0.8424
2,single_car_video_3_speed_1V_3_header.mp4,158,82.32,967.26,2.47,870.08,162.17,1064.44,0.8375
2,single_car_video_3_speed_1V_3_header.mp4,159,81.39,970.52,2.56,876.5,160.21,1064.54,0.8351
2,single_car_video_3_speed_1V_3_header.mp4,160,77.44,967.28,0.0,878.31,154.87,1056.24,0.8595
2,single_car_video_3_speed_1V_3_header.mp4,161,76.58,969.56,0.0,882.04,153.15,1057.08,0.8414
2,single_car_video_3_speed_1V_3_header.mp4,162,76.35,969.0,0.0,884.26,152.7,1053.74,0.8427
2,single_car_video_3_speed_1V_3_header.mp4,163,71.85,968.92,0.0,885.57,143.7,1052.27,0.821
2,single_car_video_3_speed_1V_3_header.mp4,164,70.54,971.87,0.0,890.04,141.09,1053.69,0.8543
2,single_car_video_3_speed_1V_3_header.mp4,165,68.53,976.46,0.0,893.55,137.07,1059.38,0.8732
2,single_car_video_3_speed_1V_3_header.mp4,166,66.04,977.36,0.0,890.18,132.08,1064.55,0.9021
2,single_car_video_3_speed_1V_3_header.mp4,167,63.36,976.35,0.0,895.59,126.71,1057.11,0.8813
2,single_car_video_3_speed_1V_3_header.mp4,168,61.87,978.13,0.0,898.67,123.74,1057.59,0.8811
2,single_car_video_3_speed_1V_3_header.mp4,169,60.26,980.68,0.0,901.87,120.51,1059.48,0.9097
2,single_car_video_3_speed_1V_3_header.mp4,170,57.45,983.39,0.0,907.92,114.91,1058.87,0.8958
2,single_car_video_3_speed_1V_3_header.mp4,171,52.09,982.17,0.0,911.87,104.19,1052.47,0.9074
2,single_car_video_3_speed_1V_3_header.mp4,172,50.04,984.41,0.0,915.02,100.08,1053.8,0.9134
2,single_car_video_3_speed_1V_3_header.mp4,173,47.39,987.35,0.0,918.93,94.78,1055.76,0.9043
2,single_car_video_3_speed_1V_3_header.mp4,174,45.63,988.26,0.0,921.18,91.26,1055.33,0.8959
2,single_car_video_3_speed_1V_3_header.mp4,175,43.75,988.4,0.0,922.65,87.5,1054.15,0.8949
2,single_car_video_3_speed_1V_3_header.mp4,176,41.74,991.24,0.6,923.0,82.87,1059.49,0.8906
2,single_car_video_3_speed_1V_3_header.mp4,177,42.44,989.73,0.54,923.63,84.35,1055.84,0.8856
2,single_car_video_3_speed_1V_3_header.mp4,178,39.22,993.1,0.72,927.23,77.72,1058.98,0.8286
2,single_car_video_3_speed_1V_3_header.mp4,179,36.24,991.6,0.69,932.47,71.79,1050.74,0.7765
2,single_car_video_3_speed_1V_3_header.mp4,180,35.72,997.51,0.57,941.55,70.87,1053.47,0.8168
2,single_car_video_3_speed_1V_3_header.mp4,181,35.0,998.58,0.51,944.45,69.48,1052.72,0.8064
2,single_car_video_3_speed_1V_3_header.mp4,182,33.26,1000.19,0.45,948.15,66.08,1052.23,0.774
2,single_car_video_3_speed_1V_3_header.mp4,183,30.75,998.81,0.42,947.63,61.08,1049.99,0.7675
2,single_car_video_3_speed_1V_3_header.mp4,184,24.92,999.62,1.05,947.59,48.8,1051.65,0.7252
2,single_car_video_3_speed_1V_3_header.mp4,185,28.85,1001.6,1.07,951.35,56.63,1051.85,0.7304
2,single_car_video_3_speed_1V_3_header.mp4,186,20.42,1004.05,1.46,954.96,39.39,1053.14,0.7274
2,single_car_video_3_speed_1V_3_header.mp4,186,31.88,1004.52,0.0,955.42,63.75,1053.62,0.3748
2,single_car_video_3_speed_1V_3_header.mp4,187,18.69,1011.86,1.37,957.79,36.02,1065.93,0.654
2,single_car_video_3_speed_1V_3_header.mp4,188,17.77,1014.1,1.54,962.59,34.0,1065.6,0.6335
2,single_car_video_3_speed_1V_3_header.mp4,189,16.67,1016.54,1.25,966.83,32.09,1066.26,0.5707
2,single_car_video_3_speed_1V_3_header.mp4,190,14.45,1023.78,0.73,979.73,28.18,1067.82,0.4033
2,single_car_video_3_speed_1V_3_header.mp4,191,13.65,1027.31,0.59,985.38,26.72,1069.25,0.2755
3,single_car_video_4_speed_1V_4_header.mp4,0,587.53,1939.26,475.39,1834.74,699.68,2043.78,0.8937
3,single_car_video_4_speed_1V_4_header.mp4,1,591.14,1934.87,476.46,1823.97,705.83,2045.76,0.9063
3,single_car_video_4_speed_1V_4_header.mp4,2,596.68,1931.97,480.79,1822.14,712.57,2041.81,0.9133
3,single_car_video_4_speed_1V_4_header.mp4,3,602.03,1925.56,489.17,1822.38,714.88,2028.75,0.914
3,single_car_video_4_speed_1V_4_header.mp4,4,604.14,1922.67,491.9,1816.49,716.38,2028.85,0.9073
3,single_car_video_4_speed_1V_4_header.mp4,5,610.84,1921.7,495.9,1814.64,725.77,2028.76,0.9044
3,single_car_video_4_speed_1V_4_header.mp4,6,614.42,1917.11,498.87,1809.79,729.97,2024.43,0.9112
3,single_car_video_4_speed_1V_4_header.mp4,7,622.52,1914.48,509.13,1808.78,735.91,2020.19,0.9076
3,single_car_video_4_speed_1V_4_header.mp4,8,630.16,1911.12,517.68,1808.99,742.64,2013.26,0.9191
3,single_car_video_4_speed_1V_4_header.mp4,9,633.06,1905.62,520.63,1806.18,745.49,2005.06,0.9147
3,single_car_video_4_speed_1V_4_header.mp4,10,636.16,1901.81,524.91,1800.04,747.4,2003.57,0.9066
3,single_car_video_4_speed_1V_4_header.mp4,11,639.58,1898.06,527.94,1794.18,751.21,2001.94,0.8933
3,single_car_video_4_speed_1V_4_header.mp4,12,642.12,1893.41,530.43,1790.52,753.81,1996.31,0.8688
3,single_car_video_4_speed_1V_4_header.mp4,13,649.91,1890.97,534.34,1784.57,765.48,1997.37,0.8806
3,single_car_video_4_speed_1V_4_header.mp4,14,654.59,1887.77,541.47,1782.44,767.72,1993.11,0.885
3,single_car_video_4_speed_1V_4_header.mp4,15,658.89,1881.39,547.32,1777.49,770.45,1985.29,0.888
3,single_car_video_4_speed_1V_4_header.mp4,16,661.59,1879.07,550.16,1777.61,773.01,1980.54,0.8922
3,single_car_video_4_speed_1V_4_header.mp4,17,667.5,1874.11,558.07,1770.61,776.92,1977.61,0.8933
3,single_car_video_4_speed_1V_4_header.mp4,18,671.05,1872.27,561.26,1770.23,780.84,1974.31,0.8864
3,single_car_video_4_speed_1V_4_header.mp4,19,678.37,1868.71,567.24,1763.57,789.49,1973.84,0.8704
3,single_car_video_4_speed_1V_4_header.mp4,20,684.63,1864.37,573.54,1759.88,795.72,1968.87,0.9074
3,single_car_video_4_speed_1V_4_header.mp4,21,689.1,1862.33,578.04,1759.18,800.16,1965.48,0.9182
3,single_car_video_4_speed_1V_4_header.mp4,22,691.77,1860.36,579.49,1756.79,804.04,1963.93,0.9077
3,single_car_video_4_speed_1V_4_header.mp4,23,700.13,1856.45,589.56,1753.49,810.69,1959.41,0.8858
3,single_car_video_4_speed_1V_4_header.mp4,24,703.92,1851.02,593.1,1745.24,814.74,1956.8,0.8805
3,single_car_video_4_speed_1V_4_header.mp4,25,707.21,1842.78,596.5,1736.12,817.93,1949.43,0.8706
3,single_car_video_4_speed_1V_4_header.mp4,26,712.15,1838.86,604.31,1734.99,819.99,1942.73,0.8748
3,single_car_video_4_speed_1V_4_header.mp4,27,714.49,1831.31,605.47,1726.67,823.51,1935.95,0.8818
3,single_car_video_4_speed_1V_4_header.mp4,28,721.69,1830.76,617.55,1726.67,825.84,1934.84,0.8855
3,single_car_video_4_speed_1V_4_header.mp4,29,723.27,1825.28,617.85,1719.42,828.69,1931.14,0.8902
3,single_car_video_4_speed_1V_4_header.mp4,30,727.84,1821.6,622.48,1714.42,833.2,1928.78,0.8798
3,single_car_video_4_speed_1V_4_header.mp4,31,734.21,1816.7,625.87,1708.05,842.55,1925.36,0.9004
3,single_car_video_4_speed_1V_4_header.mp4,32,734.56,1810.97,629.65,1705.18,839.47,1916.77,0.9091
3,single_car_video_4_speed_1V_4_header.mp4,33,740.27,1807.32,632.51,1699.81,848.03,1914.83,0.9215
3,single_car_video_4_speed_1V_4_header.mp4,34,745.01,1803.88,637.72,1694.16,852.29,1913.6,0.9144
3,single_car_video_4_speed_1V_4_header.mp4,35,749.27,1799.6,643.64,1686.6,854.91,1912.6,0.9057
3,single_car_video_4_speed_1V_4_header.mp4,36,751.9,1796.24,646.42,1683.67,857.39,1908.8,0.8895
3,single_car_video_4_speed_1V_4_header.mp4,37,752.36,1794.3,647.64,1680.75,857.09,1907.85,0.8878
3,single_car_video_4_speed_1V_4_header.mp4,38,756.77,1785.75,653.21,1673.67,860.33,1897.83,0.8825
3,single_car_video_4_speed_1V_4_header.mp4,39,763.6,1780.91,663.24,1670.18,863.97,1891.63,0.8909
3,single_car_video_4_speed_1V_4_header.mp4,40,765.82,1776.07,665.79,1665.43,865.85,1886.71,0.8904
3,single_car_video_4_speed_1V_4_header.mp4,41,766.53,1771.12,666.52,1660.89,866.55,1881.35,0.8969
3,single_car_video_4_speed_1V_4_header.mp4,42,768.81,1766.39,668.74,1653.89,868.89,1878.88,0.8959
3,single_car_video_4_speed_1V_4_header.mp4,43,770.46,1762.58,669.36,1650.54,871.56,1874.61,0.8951
3,single_car_video_4_speed_1V_4_header.mp4,44,776.35,1757.81,676.69,1645.74,876.0,1869.89,0.8885
3,single_car_video_4_speed_1V_4_header.mp4,45,779.5,1750.52,680.92,1639.97,878.09,1861.08,0.8937
3,single_car_video_4_speed_1V_4_header.mp4,46,780.18,1745.02,683.12,1631.94,877.24,1858.09,0.8931
3,single_car_video_4_speed_1V_4_header.mp4,47,783.2,1742.78,684.2,1628.87,882.2,1856.68,0.8938
3,single_car_video_4_speed_1V_4_header.mp4,48,787.07,1738.55,688.17,1624.21,885.97,1852.9,0.8794
3,single_car_video_4_speed_1V_4_header.mp4,49,790.48,1732.74,693.61,1614.58,887.35,1850.9,0.8973
3,single_car_video_4_speed_1V_4_header.mp4,50,792.99,1728.22,697.12,1611.21,888.86,1845.23,0.9006
3,single_car_video_4_speed_1V_4_header.mp4,51,795.7,1723.41,698.44,1608.6,892.95,1838.23,0.9008
3,single_car_video_4_speed_1V_4_header.mp4,52,798.04,1717.23,703.87,1604.87,892.21,1829.59,0.9004
3,single_car_video_4_speed_1V_4_header.mp4,53,805.95,1711.79,708.86,1600.85,903.04,1822.72,0.9056
3,single_car_video_4_speed_1V_4_header.mp4,54,807.27,1705.72,711.06,1592.34,903.49,1819.1,0.9089
3,single_car_video_4_speed_1V_4_header.mp4,55,810.69,1699.25,715.06,1584.19,906.31,1814.3,0.8998
3,single_car_video_4_speed_1V_4_header.mp4,56,812.77,1695.92,716.46,1580.73,909.09,1811.12,0.8869
3,single_car_video_4_speed_1V_4_header.mp4,57,816.52,1692.52,720.37,1577.89,912.67,1807.15,0.8727
3,single_car_video_4_speed_1V_4_header.mp4,58,817.68,1687.57,723.72,1572.35,911.63,1802.8,0.8679
3,single_car_video_4_speed_1V_4_header.mp4,59,820.09,1682.46,727.62,1567.7,912.56,1797.22,0.8685
3,single_car_video_4_speed_1V_4_header.mp4,60,821.22,1675.19,729.28,1558.59,913.17,1791.8,0.8693
3,single_car_video_4_speed_1V_4_header.mp4,61,825.33,1671.46,736.65,1555.54,914.01,1787.37,0.8559
3,single_car_video_4_speed_1V_4_header.mp4,62,826.01,1667.27,738.44,1551.11,913.59,1783.43,0.8531
3,single_car_video_4_speed_1V_4_header.mp4,63,827.27,1660.02,738.81,1541.15,915.74,1778.89,0.8548
3,single_car_video_4_speed_1V_4_header.mp4,64,827.63,1653.04,738.48,1533.29,916.78,1772.8,0.8621
3,single_car_video_4_speed_1V_4_header.mp4,65,830.86,1650.07,741.83,1530.9,919.89,1769.23,0.8661
3,single_car_video_4_speed_1V_4_header.mp4,66,831.58,1642.84,742.91,1527.99,920.25,1757.69,0.8699
3,single_car_video_4_speed_1V_4_header.mp4,67,832.4,1639.8,743.75,1524.18,921.04,1755.42,0.8767
3,single_car_video_4_speed_1V_4_header.mp4,68,833.89,1633.84,745.9,1517.57,921.87,1750.1,0.878
3,single_car_video_4_speed_1V_4_header.mp4,69,835.03,1629.46,747.83,1513.36,922.22,1745.55,0.8838
3,single_car_video_4_speed_1V_4_header.mp4,70,838.72,1621.19,753.6,1505.37,923.84,1737.0,0.8878
3,single_car_video_4_speed_1V_4_header.mp4,71,841.96,1614.38,759.43,1498.11,924.5,1730.65,0.8865
3,single_car_video_4_speed_1V_4_header.mp4,72,844.03,1608.55,762.68,1490.49,925.38,1726.61,0.8721
3,single_car_video_4_speed_1V_4_header.mp4,73,845.46,1604.24,762.15,1487.05,928.76,1721.43,0.872
3,single_car_video_4_speed_1V_4_header.mp4,74,847.45,1599.29,765.37,1479.21,929.52,1719.38,0.8703
3,single_car_video_4_speed_1V_4_header.mp4,75,848.25,1592.07,767.67,1476.94,928.82,1707.19,0.8422
3,single_car_video_4_speed_1V_4_header.mp4,76,849.73,1589.05,769.18,1473.0,930.28,1705.1,0.8492
3,single_car_video_4_speed_1V_4_header.mp4,77,850.82,1581.74,770.61,1463.94,931.03,1699.55,0.8607
3,single_car_video_4_speed_1V_4_header.mp4,78,853.93,1576.61,779.42,1459.54,928.43,1693.67,0.8472
3,single_car_video_4_speed_1V_4_header.mp4,79,854.05,1572.15,780.26,1455.49,927.84,1688.81,0.8362
3,single_car_video_4_speed_1V_4_header.mp4,80,855.75,1567.8,779.47,1451.64,932.02,1683.95,0.8332
3,single_car_video_4_speed_1V_4_header.mp4,81,856.12,1564.61,780.1,1448.02,932.14,1681.19,0.8624
3,single_car_video_4_speed_1V_4_header.mp4,82,857.67,1556.75,784.09,1442.2,931.26,1671.3,0.8642
3,single_car_video_4_speed_1V_4_header.mp4,83,857.05,1548.1,784.67,1428.17,929.43,1668.03,0.8675
3,single_car_video_4_speed_1V_4_header.mp4,84,857.6,1541.82,785.91,1424.62,929.3,1659.02,0.8271
3,single_car_video_4_speed_1V_4_header.mp4,85,858.26,1537.56,787.23,1421.81,929.28,1653.3,0.8188
3,single_car_video_4_speed_1V_4_header.mp4,86,856.98,1536.34,784.93,1421.16,929.02,1651.52,0.8751
3,single_car_video_4_speed_1V_4_header.mp4,87,858.6,1527.86,789.45,1412.53,927.74,1643.19,0.8237
3,single_car_video_4_speed_1V_4_header.mp4,88,858.08,1523.22,790.59,1407.89,925.56,1638.54,0.8245
3,single_car_video_4_speed_1V_4_header.mp4,89,860.33,1517.07,792.32,1400.11,928.33,1634.03,0.8192
3,single_car_video_4_speed_1V_4_header.mp4,90,860.76,1513.61,791.45,1394.15,930.06,1633.07,0.8389
3,single_car_video_4_speed_1V_4_header.mp4,91,860.92,1504.49,792.73,1385.99,929.11,1623.0,0.9132
3,single_car_video_4_speed_1V_4_header.mp4,92,859.75,1498.51,794.31,1376.77,925.19,1620.26,0.911
3,single_car_video_4_speed_1V_4_header.mp4,93,861.86,1492.51,800.74,1375.15,922.97,1609.87,0.8401
3,single_car_video_4_speed_1V_4_header.mp4,94,862.18,1487.8,800.09,1372.22,924.28,1603.38,0.838
3,single_car_video_4_speed_1V_4_header.mp4,95,864.52,1487.36,802.8,1372.53,926.23,1602.2,0.9254
3,single_car_video_4_speed_1V_4_header.mp4,96,863.5,1476.26,801.12,1356.93,925.87,1595.58,0.8733
3,single_car_video_4_speed_1V_4_header.mp4,97,862.2,1474.75,800.97,1359.56,923.44,1589.94,0.8418
3,single_car_video_4_speed_1V_4_header.mp4,98,861.5,1467.37,801.59,1352.26,921.4,1582.48,0.8356
3,single_car_video_4_speed_1V_4_header.mp4,99,864.57,1464.17,804.68,1344.91,924.45,1583.42,0.9015
3,single_car_video_4_speed_1V_4_header.mp4,100,863.08,1458.37,805.44,1344.37,920.72,1572.36,0.9546
3,single_car_video_4_speed_1V_4_header.mp4,101,861.66,1449.43,804.72,1330.48,918.61,1568.39,0.9488
3,single_car_video_4_speed_1V_4_header.mp4,102,862.71,1444.83,805.19,1326.43,920.23,1563.22,0.9115
3,single_car_video_4_speed_1V_4_header.mp4,103,862.6,1440.54,806.1,1323.39,919.1,1557.7,0.909
3,single_car_video_4_speed_1V_4_header.mp4,104,862.41,1437.66,805.91,1321.78,918.91,1553.54,0.9339
3,single_car_video_4_speed_1V_4_header.mp4,105,861.31,1431.47,806.28,1317.84,916.34,1545.1,0.944
3,single_car_video_4_speed_1V_4_header.mp4,106,861.97,1422.41,805.72,1302.22,918.23,1542.6,0.8963
3,single_car_video_4_speed_1V_4_header.mp4,107,861.05,1416.02,806.46,1297.63,915.64,1534.4,0.8607
3,single_car_video_4_speed_1V_4_header.mp4,108,862.14,1413.28,806.22,1296.02,918.07,1530.54,0.9262
3,single_car_video_4_speed_1V_4_header.mp4,109,862.06,1409.17,805.25,1293.64,918.87,1524.7,0.9497
3,single_car_video_4_speed_1V_4_header.mp4,110,861.42,1403.62,804.54,1289.13,918.3,1518.12,0.9468
3,single_car_video_4_speed_1V_4_header.mp4,111,861.14,1397.66,803.71,1280.27,918.57,1515.06,0.9102
3,single_car_video_4_speed_1V_4_header.mp4,112,859.1,1388.95,801.66,1271.7,916.54,1506.21,0.8968
3,single_car_video_4_speed_1V_4_header.mp4,113,859.43,1387.14,800.3,1270.89,918.56,1503.39,0.9199
3,single_car_video_4_speed_1V_4_header.mp4,114,857.39,1383.62,800.1,1269.86,914.68,1497.37,0.9255
3,single_car_video_4_speed_1V_4_header.mp4,115,857.57,1379.1,799.84,1264.5,915.29,1493.7,0.9252
3,single_car_video_4_speed_1V_4_header.mp4,116,856.9,1371.76,798.13,1252.91,915.66,1490.6,0.8446
3,single_car_video_4_speed_1V_4_header.mp4,117,855.08,1363.08,796.66,1247.07,913.5,1479.09,0.8832
3,single_car_video_4_speed_1V_4_header.mp4,118,854.76,1359.61,795.28,1244.22,914.24,1475.01,0.916
3,single_car_video_4_speed_1V_4_header.mp4,119,853.85,1356.99,793.51,1242.73,914.18,1471.25,0.9234
3,single_car_video_4_speed_1V_4_header.mp4,120,851.47,1353.72,790.85,1240.28,912.09,1467.16,0.9095
3,single_car_video_4_speed_1V_4_header.mp4,121,849.46,1349.21,788.93,1237.24,909.99,1461.19,0.8487
3,single_car_video_4_speed_1V_4_header.mp4,122,847.93,1342.02,787.13,1230.7,908.74,1453.34,0.835
3,single_car_video_4_speed_1V_4_header.mp4,123,846.29,1336.67,783.62,1221.65,908.95,1451.7,0.8561
3,single_car_video_4_speed_1V_4_header.mp4,124,845.76,1333.27,782.43,1220.14,909.08,1446.41,0.9124
3,single_car_video_4_speed_1V_4_header.mp4,125,845.5,1328.29,780.86,1217.09,910.14,1439.5,0.869
3,single_car_video_4_speed_1V_4_header.mp4,126,841.99,1322.52,778.59,1209.02,905.39,1436.02,0.8336
3,single_car_video_4_speed_1V_4_header.mp4,127,840.05,1313.66,774.24,1199.01,905.86,1428.31,0.8347
3,single_car_video_4_speed_1V_4_header.mp4,128,839.88,1308.74,773.29,1194.15,906.48,1423.32,0.8704
3,single_car_video_4_speed_1V_4_header.mp4,129,836.92,1306.15,770.32,1192.36,903.52,1419.94,0.9132
3,single_car_video_4_speed_1V_4_header.mp4,130,835.75,1303.0,772.21,1192.0,899.28,1414.0,0.855
3,single_car_video_4_speed_1V_4_header.mp4,131,835.23,1300.29,770.08,1188.7,900.38,1411.87,0.8688
3,single_car_video_4_speed_1V_4_header.mp4,132,832.8,1289.32,763.01,1178.0,902.6,1400.63,0.8943
3,single_car_video_4_speed_1V_4_header.mp4,133,830.35,1284.75,759.52,1172.16,901.18,1397.34,0.9318
3,single_car_video_4_speed_1V_4_header.mp4,134,829.4,1282.22,758.68,1168.87,900.13,1395.57,0.9093
3,single_car_video_4_speed_1V_4_header.mp4,135,821.98,1279.33,749.05,1165.66,894.91,1393.0,0.856
3,single_car_video_4_speed_1V_4_header.mp4,136,820.08,1274.68,745.0,1162.7,895.15,1386.67,0.8452
3,single_car_video_4_speed_1V_4_header.mp4,137,818.74,1271.2,742.96,1159.21,894.51,1383.2,0.8534
3,single_car_video_4_speed_1V_4_header.mp4,138,816.88,1264.27,740.71,1155.62,893.04,1372.91,0.8562
3,single_car_video_4_speed_1V_4_header.mp4,139,819.84,1258.66,745.58,1145.83,894.09,1371.48,0.885
3,single_car_video_4_speed_1V_4_header.mp4,140,815.0,1255.64,737.68,1144.22,892.32,1367.06,0.856
3,single_car_video_4_speed_1V_4_header.mp4,141,811.81,1250.95,733.98,1140.35,889.64,1361.56,0.8558
3,single_car_video_4_speed_1V_4_header.mp4,142,808.1,1247.75,729.94,1136.86,886.26,1358.63,0.8579
3,single_car_video_4_speed_1V_4_header.mp4,143,809.21,1240.55,731.85,1131.47,886.56,1349.63,0.8855
3,single_car_video_4_speed_1V_4_header.mp4,144,803.03,1236.11,722.16,1124.87,883.9,1347.36,0.8593
3,single_car_video_4_speed_1V_4_header.mp4,145,800.85,1232.33,717.56,1118.7,884.14,1345.96,0.8693
3,single_car_video_4_speed_1V_4_header.mp4,146,798.56,1229.79,717.31,1120.58,879.81,1339.01,0.8612
3,single_car_video_4_speed_1V_4_header.mp4,147,798.83,1226.78,720.64,1116.48,877.01,1337.08,0.8564
3,single_car_video_4_speed_1V_4_header.mp4,148,795.66,1220.8,716.09,1110.17,875.23,1331.44,0.8631
3,single_car_video_4_speed_1V_4_header.mp4,149,788.35,1218.08,703.78,1107.99,872.92,1328.17,0.8676
3,single_car_video_4_speed_1V_4_header.mp4,150,786.89,1212.32,701.37,1102.54,872.41,1322.09,0.8711
3,single_car_video_4_speed_1V_4_header.mp4,151,781.97,1210.09,695.67,1099.46,868.27,1320.72,0.8699
3,single_car_video_4_speed_1V_4_header.mp4,152,779.26,1206.1,692.37,1096.42,866.15,1315.78,0.8749
3,single_car_video_4_speed_1V_4_header.mp4,153,775.32,1200.8,690.7,1088.93,859.95,1312.67,0.8785
3,single_car_video_4_speed_1V_4_header.mp4,154,770.94,1198.03,687.05,1089.2,854.83,1306.87,0.8822
3,single_car_video_4_speed_1V_4_header.mp4,155,768.07,1191.92,684.42,1085.4,851.72,1298.44,0.8841
3,single_car_video_4_speed_1V_4_header.mp4,156,766.61,1189.22,681.93,1083.77,851.29,1294.67,0.8732
3,single_car_video_4_speed_1V_4_header.mp4,157,766.26,1186.9,680.31,1080.88,852.2,1292.92,0.877
3,single_car_video_4_speed_1V_4_header.mp4,158,763.36,1183.45,677.27,1079.0,849.44,1287.91,0.8884
3,single_car_video_4_speed_1V_4_header.mp4,159,759.72,1180.58,673.04,1077.27,846.39,1283.9,0.8934
3,single_car_video_4_speed_1V_4_header.mp4,160,758.17,1176.1,671.96,1073.91,844.37,1278.3,0.8744
3,single_car_video_4_speed_1V_4_header.mp4,161,751.19,1170.54,663.06,1067.31,839.31,1273.77,0.8697
3,single_car_video_4_speed_1V_4_header.mp4,162,747.22,1165.92,657.05,1063.58,837.39,1268.27,0.8822
3,single_car_video_4_speed_1V_4_header.mp4,163,743.0,1162.84,651.26,1060.67,834.74,1265.0,0.8938
3,single_car_video_4_speed_1V_4_header.mp4,164,740.63,1158.59,648.45,1056.99,832.81,1260.18,0.909
3,single_car_video_4_speed_1V_4_header.mp4,165,735.99,1154.55,646.5,1051.06,825.49,1258.03,0.9083
3,single_car_video_4_speed_1V_4_header.mp4,166,729.83,1151.62,640.69,1047.84,818.97,1255.39,0.9026
3,single_car_video_4_speed_1V_4_header.mp4,167,728.93,1148.0,639.16,1045.93,818.7,1250.07,0.8915
3,single_car_video_4_speed_1V_4_header.mp4,168,726.97,1144.25,636.6,1040.95,817.34,1247.54,0.8838
3,single_car_video_4_speed_1V_4_header.mp4,169,726.19,1139.9,635.3,1034.82,817.08,1244.98,0.8817
3,single_car_video_4_speed_1V_4_header.mp4,170,726.35,1136.41,633.83,1033.35,818.87,1239.47,0.8819
3,single_car_video_4_speed_1V_4_header.mp4,171,723.83,1132.0,633.37,1027.72,814.28,1236.29,0.8712
3,single_car_video_4_speed_1V_4_header.mp4,172,721.37,1131.52,632.18,1027.99,810.55,1235.05,0.8633
3,single_car_video_4_speed_1V_4_header.mp4,173,718.03,1126.2,628.95,1023.27,807.12,1229.12,0.8728
3,single_car_video_4_speed_1V_4_header.mp4,174,714.49,1121.01,627.65,1022.39,801.33,1219.62,0.8553
3,single_car_video_4_speed_1V_4_header.mp4,175,712.86,1116.35,622.68,1015.72,803.04,1216.98,0.861
3,single_car_video_4_speed_1V_4_header.mp4,176,709.8,1113.95,620.41,1010.97,799.19,1216.93,0.8615
3,single_car_video_4_speed_1V_4_header.mp4,177,707.64,1108.64,618.35,1005.91,796.92,1211.37,0.8784
3,single_car_video_4_speed_1V_4_header.mp4,178,702.74,1103.37,615.96,1000.9,789.52,1205.85,0.8991
3,single_car_video_4_speed_1V_4_header.mp4,179,700.02,1099.06,612.45,995.93,787.59,1202.2,0.8981
3,single_car_video_4_speed_1V_4_header.mp4,180,697.94,1096.95,609.13,996.69,786.75,1197.22,0.9007
3,single_car_video_4_speed_1V_4_header.mp4,181,695.74,1093.47,606.28,993.35,785.2,1193.58,0.8817
3,single_car_video_4_speed_1V_4_header.mp4,182,691.58,1089.18,603.69,989.2,779.47,1189.17,0.8714
3,single_car_video_4_speed_1V_4_header.mp4,183,689.36,1083.59,599.97,981.9,778.74,1185.28,0.8684
3,single_car_video_4_speed_1V_4_header.mp4,184,686.98,1080.03,596.17,977.13,777.79,1182.94,0.8703
3,single_car_video_4_speed_1V_4_header.mp4,185,685.1,1077.29,594.6,975.04,775.59,1179.53,0.8564
3,single_car_video_4_speed_1V_4_header.mp4,186,684.77,1070.38,594.27,967.54,775.28,1173.22,0.8599
3,single_car_video_4_speed_1V_4_header.mp4,187,681.22,1066.94,590.11,965.9,772.33,1167.98,0.8661
3,single_car_video_4_speed_1V_4_header.mp4,188,675.61,1064.46,584.03,963.85,767.19,1165.07,0.8704
3,single_car_video_4_speed_1V_4_header.mp4,189,672.82,1061.41,581.35,961.12,764.29,1161.71,0.8742
3,single_car_video_4_speed_1V_4_header.mp4,190,670.6,1059.94,581.26,959.67,759.94,1160.22,0.8753
3,single_car_video_4_speed_1V_4_header.mp4,191,669.7,1056.09,578.85,954.0,760.54,1158.18,0.8954
3,single_car_video_4_speed_1V_4_header.mp4,192,665.43,1052.24,576.39,949.56,754.47,1154.92,0.889
3,single_car_video_4_speed_1V_4_header.mp4,193,661.85,1044.58,574.54,942.64,749.16,1146.51,0.8872
3,single_car_video_4_speed_1V_4_header.mp4,194,658.64,1040.41,570.98,939.87,746.29,1140.96,0.8879
3,single_car_video_4_speed_1V_4_header.mp4,195,655.97,1039.35,567.16,939.08,744.77,1139.61,0.8786
3,single_car_video_4_speed_1V_4_header.mp4,196,654.43,1037.76,566.46,936.17,742.4,1139.36,0.8843
3,single_car_video_4_speed_1V_4_header.mp4,197,652.21,1035.1,563.58,935.72,740.85,1134.47,0.8809
3,single_car_video_4_speed_1V_4_header.mp4,198,651.02,1030.01,564.38,930.22,737.67,1129.8,0.8793
3,single_car_video_4_speed_1V_4_header.mp4,199,650.06,1025.02,562.09,925.92,738.02,1124.11,0.8707
3,single_car_video_4_speed_1V_4_header.mp4,200,644.95,1017.57,555.21,916.62,734.69,1118.53,0.8622
3,single_car_video_4_speed_1V_4_header.mp4,201,641.73,1013.7,550.03,913.69,733.43,1113.71,0.8695
3,single_car_video_4_speed_1V_4_header.mp4,202,640.8,1010.27,550.09,911.44,731.52,1109.1,0.8788
3,single_car_video_4_speed_1V_4_header.mp4,203,635.47,1005.98,545.09,907.49,725.86,1104.46,0.8933
3,single_car_video_4_speed_1V_4_header.mp4,204,629.3,1003.21,537.4,904.89,721.2,1101.54,0.8974
3,single_car_video_4_speed_1V_4_header.mp4,205,624.75,998.42,534.14,898.87,715.35,1097.97,0.9
3,single_car_video_4_speed_1V_4_header.mp4,206,624.09,994.08,533.08,895.46,715.1,1092.7,0.9031
3,single_car_video_4_speed_1V_4_header.mp4,207,621.72,990.12,531.43,890.42,712.0,1089.82,0.8953
3,single_car_video_4_speed_1V_4_header.mp4,208,618.5,989.17,528.71,890.53,708.28,1087.8,0.8927
3,single_car_video_4_speed_1V_4_header.mp4,209,612.22,985.96,522.54,888.89,701.89,1083.04,0.8897
3,single_car_video_4_speed_1V_4_header.mp4,210,608.86,982.88,519.27,887.07,698.45,1078.7,0.8857
3,single_car_video_4_speed_1V_4_header.mp4,211,606.16,981.75,516.87,886.77,695.45,1076.73,0.8727
3,single_car_video_4_speed_1V_4_header.mp4,212,600.51,979.14,511.14,885.64,689.89,1072.64,0.869
3,single_car_video_4_speed_1V_4_header.mp4,213,596.3,976.14,504.3,883.43,688.3,1068.84,0.8755
3,single_car_video_4_speed_1V_4_header.mp4,214,591.37,969.69,496.89,874.56,685.84,1064.82,0.8683
3,single_car_video_4_speed_1V_4_header.mp4,215,589.41,966.61,494.97,871.41,683.85,1061.8,0.8752
3,single_car_video_4_speed_1V_4_header.mp4,216,586.88,961.79,492.57,868.22,681.19,1055.36,0.8786
3,single_car_video_4_speed_1V_4_header.mp4,217,585.71,959.94,491.54,866.63,679.88,1053.26,0.8783
3,single_car_video_4_speed_1V_4_header.mp4,218,578.06,956.89,481.57,863.75,674.56,1050.03,0.882
3,single_car_video_4_speed_1V_4_header.mp4,219,574.13,955.87,477.77,862.69,670.48,1049.05,0.8933
3,single_car_video_4_speed_1V_4_header.mp4,220,571.73,954.71,478.27,864.93,665.19,1044.5,0.889
3,single_car_video_4_speed_1V_4_header.mp4,221,568.37,949.25,472.48,860.09,664.26,1038.4,0.894
3,single_car_video_4_speed_1V_4_header.mp4,222,567.08,946.24,468.46,857.69,665.7,1034.79,0.8942
3,single_car_video_4_speed_1V_4_header.mp4,223,560.55,944.36,465.21,855.44,655.89,1033.28,0.8857
3,single_car_video_4_speed_1V_4_header.mp4,224,555.0,942.92,461.17,853.71,648.83,1032.12,0.8812
3,single_car_video_4_speed_1V_4_header.mp4,225,549.86,939.37,453.73,850.42,645.99,1028.32,0.8898
3,single_car_video_4_speed_1V_4_header.mp4,226,545.49,935.71,449.48,847.37,641.51,1024.05,0.8939
3,single_car_video_4_speed_1V_4_header.mp4,227,541.57,934.32,443.85,846.44,639.29,1022.2,0.8828
3,single_car_video_4_speed_1V_4_header.mp4,228,538.1,933.05,440.86,844.3,635.35,1021.8,0.8704
3,single_car_video_4_speed_1V_4_header.mp4,229,534.76,927.27,434.85,839.87,634.66,1014.67,0.8711
3,single_car_video_4_speed_1V_4_header.mp4,230,530.9,926.57,429.01,839.53,632.8,1013.61,0.867
3,single_car_video_4_speed_1V_4_header.mp4,231,528.27,925.29,426.51,838.65,630.02,1011.92,0.853
3,single_car_video_4_speed_1V_4_header.mp4,232,523.11,922.91,420.58,835.62,625.65,1010.2,0.845
3,single_car_video_4_speed_1V_4_header.mp4,233,519.97,921.25,415.19,835.44,624.75,1007.07,0.8521
3,single_car_video_4_speed_1V_4_header.mp4,234,514.34,920.93,414.18,836.37,614.49,1005.5,0.8538
3,single_car_video_4_speed_1V_4_header.mp4,235,508.92,920.4,407.46,836.68,610.39,1004.12,0.8647
3,single_car_video_4_speed_1V_4_header.mp4,236,508.61,918.12,407.89,834.12,609.32,1002.12,0.8525
3,single_car_video_4_speed_1V_4_header.mp4,237,497.35,911.02,396.51,830.08,598.18,991.95,0.886
3,single_car_video_4_speed_1V_4_header.mp4,238,496.18,913.18,392.31,832.33,600.05,994.04,0.8678
3,single_car_video_4_speed_1V_4_header.mp4,239,491.13,910.59,386.79,829.43,595.47,991.75,0.8687
3,single_car_video_4_speed_1V_4_header.mp4,240,484.28,909.92,380.07,827.97,588.49,991.88,0.8763
3,single_car_video_4_speed_1V_4_header.mp4,241,481.98,909.43,379.67,829.73,584.29,989.13,0.8767
3,single_car_video_4_speed_1V_4_header.mp4,242,477.55,908.16,376.26,829.92,578.85,986.39,0.8682
3,single_car_video_4_speed_1V_4_header.mp4,243,472.87,903.63,371.66,826.51,574.08,980.75,0.8625
3,single_car_video_4_speed_1V_4_header.mp4,244,468.91,902.23,367.72,826.0,570.09,978.47,0.8558
3,single_car_video_4_speed_1V_4_header.mp4,245,465.21,899.49,364.57,821.59,565.86,977.39,0.8569
3,single_car_video_4_speed_1V_4_header.mp4,246,459.2,897.63,356.1,819.86,562.31,975.39,0.8505
3,single_car_video_4_speed_1V_4_header.mp4,247,453.86,896.21,346.0,817.53,561.72,974.89,0.8589
3,single_car_video_4_speed_1V_4_header.mp4,248,450.4,894.38,341.66,815.51,559.14,973.25,0.8582
3,single_car_video_4_speed_1V_4_header.mp4,249,441.74,893.56,338.1,813.53,545.38,973.59,0.8664
3,single_car_video_4_speed_1V_4_header.mp4,250,435.41,890.99,326.88,815.36,543.95,966.63,0.8748
3,single_car_video_4_speed_1V_4_header.mp4,251,431.42,889.61,323.16,815.27,539.69,963.94,0.8858
3,single_car_video_4_speed_1V_4_header.mp4,252,427.32,888.33,321.58,812.93,533.05,963.74,0.8785
3,single_car_video_4_speed_1V_4_header.mp4,253,424.44,887.01,316.65,811.46,532.23,962.56,0.8697
3,single_car_video_4_speed_1V_4_header.mp4,254,421.35,886.58,312.53,810.63,530.17,962.53,0.8591
3,single_car_video_4_speed_1V_4_header.mp4,255,416.89,886.21,307.62,810.21,526.16,962.22,0.8533
3,single_car_video_4_speed_1V_4_header.mp4,256,409.87,885.78,300.62,810.1,519.12,961.46,0.8402
3,single_car_video_4_speed_1V_4_header.mp4,257,404.72,885.1,296.83,811.36,512.61,958.84,0.836
3,single_car_video_4_speed_1V_4_header.mp4,258,399.14,883.34,292.3,807.49,505.97,959.2,0.8655
3,single_car_video_4_speed_1V_4_header.mp4,259,396.78,882.19,287.76,806.18,505.8,958.2,0.864
3,single_car_video_4_speed_1V_4_header.mp4,260,390.87,879.97,284.44,806.49,497.3,953.45,0.8501
3,single_car_video_4_speed_1V_4_header.mp4,261,383.6,879.18,274.64,806.37,492.56,951.98,0.8841
3,single_car_video_4_speed_1V_4_header.mp4,262,380.75,878.04,272.54,806.23,488.95,949.84,0.8979
3,single_car_video_4_speed_1V_4_header.mp4,263,374.58,877.19,267.08,806.69,482.09,947.68,0.9025
3,single_car_video_4_speed_1V_4_header.mp4,264,369.41,878.99,262.98,807.48,475.84,950.5,0.9262
3,single_car_video_4_speed_1V_4_header.mp4,265,367.35,876.7,261.52,808.22,473.18,945.17,0.9352
3,single_car_video_4_speed_1V_4_header.mp4,266,359.99,876.31,253.15,808.69,466.82,943.94,0.9064
3,single_car_video_4_speed_1V_4_header.mp4,267,354.78,876.32,247.0,808.77,462.57,943.86,0.8477
3,single_car_video_4_speed_1V_4_header.mp4,268,347.36,876.58,241.29,808.51,453.43,944.66,0.9074
3,single_car_video_4_speed_1V_4_header.mp4,269,344.4,876.21,238.2,808.15,450.6,944.27,0.9097
3,single_car_video_4_speed_1V_4_header.mp4,270,342.36,875.51,236.43,808.75,448.3,942.26,0.9586
3,single_car_video_4_speed_1V_4_header.mp4,271,338.2,875.65,231.09,808.67,445.31,942.64,0.9142
3,single_car_video_4_speed_1V_4_header.mp4,272,330.95,874.13,222.19,805.3,439.7,942.96,0.8854
3,single_car_video_4_speed_1V_4_header.mp4,273,321.81,874.28,214.91,808.62,428.71,939.95,0.9153
3,single_car_video_4_speed_1V_4_header.mp4,274,318.53,875.25,211.44,809.16,425.62,941.35,0.9468
3,single_car_video_4_speed_1V_4_header.mp4,275,315.83,875.72,208.84,810.2,422.82,941.25,0.9598
3,single_car_video_4_speed_1V_4_header.mp4,276,308.61,874.96,201.87,810.45,415.35,939.48,0.9461
3,single_car_video_4_speed_1V_4_header.mp4,277,303.54,874.97,193.8,810.21,413.29,939.73,0.9149
3,single_car_video_4_speed_1V_4_header.mp4,278,295.57,869.76,189.67,811.06,401.47,928.45,0.909
3,single_car_video_4_speed_1V_4_header.mp4,279,291.88,874.19,184.38,811.34,399.38,937.03,0.9455
3,single_car_video_4_speed_1V_4_header.mp4,280,287.75,874.86,179.6,812.18,395.9,937.53,0.9547
3,single_car_video_4_speed_1V_4_header.mp4,281,283.25,874.6,173.94,812.53,392.56,936.66,0.9135
3,single_car_video_4_speed_1V_4_header.mp4,282,278.04,875.84,168.3,812.81,387.79,938.88,0.8729
3,single_car_video_4_speed_1V_4_header.mp4,283,270.92,873.62,162.26,813.54,379.57,933.7,0.8909
3,single_car_video_4_speed_1V_4_header.mp4,284,267.59,874.44,158.08,814.65,377.1,934.22,0.9033
3,single_car_video_4_speed_1V_4_header.mp4,285,260.05,875.99,152.7,815.87,367.41,936.11,0.9371
3,single_car_video_4_speed_1V_4_header.mp4,286,264.12,875.57,151.78,812.62,376.46,938.52,0.8334
3,single_car_video_4_speed_1V_4_header.mp4,287,258.9,875.37,145.08,812.67,372.73,938.07,0.8319
3,single_car_video_4_speed_1V_4_header.mp4,288,246.47,876.21,139.36,817.12,353.59,935.3,0.8791
3,single_car_video_4_speed_1V_4_header.mp4,289,240.42,876.42,130.63,818.0,350.22,934.85,0.9297
3,single_car_video_4_speed_1V_4_header.mp4,290,234.96,877.81,126.07,818.97,343.84,936.65,0.9087
3,single_car_video_4_speed_1V_4_header.mp4,291,233.66,879.96,125.29,822.3,342.03,937.61,0.8539
3,single_car_video_4_speed_1V_4_header.mp4,292,229.87,877.65,120.32,815.29,339.42,940.02,0.8518
3,single_car_video_4_speed_1V_4_header.mp4,293,224.54,879.29,115.33,822.91,333.74,935.67,0.8826
3,single_car_video_4_speed_1V_4_header.mp4,294,218.23,880.91,109.71,824.75,326.75,937.06,0.9256
3,single_car_video_4_speed_1V_4_header.mp4,295,214.13,881.8,104.36,825.62,323.89,937.97,0.9121
3,single_car_video_4_speed_1V_4_header.mp4,296,206.79,884.49,97.11,826.74,316.47,942.25,0.8443
3,single_car_video_4_speed_1V_4_header.mp4,297,207.47,882.29,91.18,823.63,323.77,940.96,0.8386
3,single_car_video_4_speed_1V_4_header.mp4,298,200.24,884.09,86.44,825.08,314.05,943.1,0.8302
3,single_car_video_4_speed_1V_4_header.mp4,299,195.25,887.85,82.97,828.04,307.53,947.65,0.8915
3,single_car_video_4_speed_1V_4_header.mp4,300,189.61,889.39,77.08,828.6,302.14,950.18,0.8946
3,single_car_video_4_speed_1V_4_header.mp4,301,185.38,891.29,74.89,829.54,295.87,953.04,0.8627
3,single_car_video_4_speed_1V_4_header.mp4,302,182.52,892.07,71.92,834.6,293.12,949.54,0.8656
3,single_car_video_4_speed_1V_4_header.mp4,303,175.58,894.5,63.93,830.79,287.22,958.21,0.906
3,single_car_video_4_speed_1V_4_header.mp4,304,167.17,895.55,55.8,832.74,278.55,958.36,0.9445
3,single_car_video_4_speed_1V_4_header.mp4,305,165.5,896.71,52.5,833.55,278.5,959.87,0.8963
3,single_car_video_4_speed_1V_4_header.mp4,306,164.85,899.16,52.17,838.67,277.53,959.64,0.8673
3,single_car_video_4_speed_1V_4_header.mp4,307,156.82,899.85,42.77,838.19,270.88,961.51,0.8539
3,single_car_video_4_speed_1V_4_header.mp4,308,150.64,900.39,35.56,838.45,265.73,962.33,0.8607
3,single_car_video_4_speed_1V_4_header.mp4,309,145.12,901.42,32.46,839.19,257.77,963.66,0.8714
3,single_car_video_4_speed_1V_4_header.mp4,310,140.2,904.94,28.96,840.83,251.44,969.04,0.8844
3,single_car_video_4_speed_1V_4_header.mp4,311,136.73,908.36,24.78,842.6,248.69,974.13,0.8904
3,single_car_video_4_speed_1V_4_header.mp4,312,130.99,909.8,18.58,843.12,243.39,976.49,0.9128
3,single_car_video_4_speed_1V_4_header.mp4,313,126.43,911.48,13.61,844.24,239.25,978.72,0.9102
3,single_car_video_4_speed_1V_4_header.mp4,314,122.9,912.62,10.44,845.55,235.36,979.7,0.892
3,single_car_video_4_speed_1V_4_header.mp4,315,114.07,917.14,4.08,849.95,224.06,984.33,0.907
3,single_car_video_4_speed_1V_4_header.mp4,316,112.62,918.72,3.33,852.04,221.91,985.4,0.8707
3,single_car_video_4_speed_1V_4_header.mp4,317,112.75,918.92,2.38,851.03,223.13,986.81,0.8628
3,single_car_video_4_speed_1V_4_header.mp4,318,109.14,921.66,1.47,852.69,216.81,990.62,0.8558
3,single_car_video_4_speed_1V_4_header.mp4,319,106.11,925.54,0.23,854.69,211.98,996.39,0.8444
3,single_car_video_4_speed_1V_4_header.mp4,320,103.6,928.83,0.0,857.17,207.19,1000.5,0.8395
3,single_car_video_4_speed_1V_4_header.mp4,321,102.38,930.53,0.0,856.99,204.76,1004.06,0.8453
3,single_car_video_4_speed_1V_4_header.mp4,322,100.73,935.11,0.0,859.55,201.47,1010.66,0.8217
3,single_car_video_4_speed_1V_4_header.mp4,323,96.72,934.75,0.0,860.54,193.45,1008.96,0.8815
3,single_car_video_4_speed_1V_4_header.mp4,324,95.67,938.87,0.0,864.47,191.33,1013.27,0.8228
3,single_car_video_4_speed_1V_4_header.mp4,325,92.83,941.1,0.0,866.14,185.66,1016.06,0.8281
3,single_car_video_4_speed_1V_4_header.mp4,326,91.79,944.28,0.06,865.29,183.53,1023.27,0.8291
3,single_car_video_4_speed_1V_4_header.mp4,327,89.38,950.88,0.24,876.53,178.51,1025.23,0.8171
3,single_car_video_4_speed_1V_4_header.mp4,328,87.05,951.6,0.18,877.05,173.91,1026.15,0.7996
3,single_car_video_4_speed_1V_4_header.mp4,329,82.59,949.58,0.0,875.61,165.19,1023.56,0.8807
3,single_car_video_4_speed_1V_4_header.mp4,330,81.43,952.77,0.0,878.62,162.86,1026.93,0.9185
3,single_car_video_4_speed_1V_4_header.mp4,331,80.02,955.44,0.0,881.25,160.03,1029.64,0.9234
3,single_car_video_4_speed_1V_4_header.mp4,332,77.43,957.8,0.0,882.78,154.86,1032.82,0.919
3,single_car_video_4_speed_1V_4_header.mp4,333,76.09,959.44,0.03,884.02,152.15,1034.86,0.8941
3,single_car_video_4_speed_1V_4_header.mp4,334,73.82,960.96,0.0,885.54,147.65,1036.37,0.8696
3,single_car_video_4_speed_1V_4_header.mp4,335,71.98,963.57,0.0,888.6,143.96,1038.55,0.8701
3,single_car_video_4_speed_1V_4_header.mp4,336,66.59,965.36,0.0,889.37,133.18,1041.35,0.8546
3,single_car_video_4_speed_1V_4_header.mp4,337,66.77,966.63,0.0,890.65,133.55,1042.62,0.9069
3,single_car_video_4_speed_1V_4_header.mp4,338,64.89,968.37,0.0,892.18,129.77,1044.56,0.9245
3,single_car_video_4_speed_1V_4_header.mp4,339,61.88,972.37,0.0,897.94,123.77,1046.8,0.9047
3,single_car_video_4_speed_1V_4_header.mp4,340,61.34,974.02,0.0,899.11,122.68,1048.94,0.9036
3,single_car_video_4_speed_1V_4_header.mp4,341,59.85,978.05,0.0,904.77,119.7,1051.32,0.9134
3,single_car_video_4_speed_1V_4_header.mp4,342,55.06,981.14,0.0,911.02,110.11,1051.27,0.898
3,single_car_video_4_speed_1V_4_header.mp4,343,54.01,981.83,0.0,911.28,108.03,1052.38,0.9096
3,single_car_video_4_speed_1V_4_header.mp4,344,50.66,983.97,0.0,913.95,101.32,1053.99,0.9163
3,single_car_video_4_speed_1V_4_header.mp4,345,48.65,987.68,0.0,918.56,97.29,1056.8,0.9244
3,single_car_video_4_speed_1V_4_header.mp4,346,46.08,987.9,0.0,920.39,92.15,1055.41,0.9138
3,single_car_video_4_speed_1V_4_header.mp4,347,45.06,988.37,0.0,922.17,90.12,1054.58,0.9073
3,single_car_video_4_speed_1V_4_header.mp4,348,42.07,991.56,0.66,923.39,83.48,1059.74,0.8968
3,single_car_video_4_speed_1V_4_header.mp4,349,41.74,990.15,0.58,923.56,82.91,1056.74,0.881
3,single_car_video_4_speed_1V_4_header.mp4,350,39.94,989.67,0.18,927.68,79.71,1051.67,0.838
3,single_car_video_4_speed_1V_4_header.mp4,351,37.61,990.81,0.49,930.51,74.74,1051.1,0.7869
3,single_car_video_4_speed_1V_4_header.mp4,352,36.02,997.47,0.61,941.66,71.42,1053.29,0.8013
3,single_car_video_4_speed_1V_4_header.mp4,353,35.24,998.16,0.56,944.36,69.93,1051.96,0.7954
3,single_car_video_4_speed_1V_4_header.mp4,354,35.09,1000.5,0.59,948.31,69.6,1052.69,0.7631
3,single_car_video_4_speed_1V_4_header.mp4,355,32.0,999.34,0.49,948.3,63.51,1050.38,0.7636
3,single_car_video_4_speed_1V_4_header.mp4,356,31.24,1000.13,0.91,947.44,61.58,1052.82,0.7398
3,single_car_video_4_speed_1V_4_header.mp4,357,28.84,1001.45,1.11,951.41,56.57,1051.49,0.7403
3,single_car_video_4_speed_1V_4_header.mp4,358,21.29,1004.28,1.4,954.79,41.19,1053.77,0.7349
3,single_car_video_4_speed_1V_4_header.mp4,358,31.02,1004.77,0.0,955.66,62.04,1053.87,0.4756
3,single_car_video_4_speed_1V_4_header.mp4,359,19.95,1009.76,1.34,956.36,38.56,1063.16,0.7023
3,single_car_video_4_speed_1V_4_header.mp4,359,35.11,1010.0,0.65,956.0,69.57,1064.0,0.3532
3,single_car_video_4_speed_1V_4_header.mp4,360,17.73,1012.52,1.52,960.17,33.94,1064.87,0.6499
3,single_car_video_4_speed_1V_4_header.mp4,361,17.96,1016.95,1.31,966.38,34.61,1067.52,0.5636
3,single_car_video_4_speed_1V_4_header.mp4,362,16.39,1022.35,0.89,976.13,31.9,1068.56,0.3587
3,single_car_video_4_speed_1V_4_header.mp4,363,15.1,1026.46,0.8,983.29,29.41,1069.62,0.3114
4,single_car_video_5_speed_1V_5_header.mp4,11,15.66,1147.92,0.78,1098.18,30.55,1197.67,0.3414
4,single_car_video_5_speed_1V_5_header.mp4,12,17.47,1143.74,0.4,1087.94,34.55,1199.53,0.409
4,single_car_video_5_speed_1V_5_header.mp4,13,18.62,1140.26,0.3,1083.59,36.94,1196.92,0.4356
4,single_car_video_5_speed_1V_5_header.mp4,14,26.48,1142.44,0.62,1086.68,52.34,1198.21,0.579
4,single_car_video_5_speed_1V_5_header.mp4,15,30.38,1139.45,0.12,1082.4,60.63,1196.5,0.6125
4,single_car_video_5_speed_1V_5_header.mp4,16,28.81,1140.63,0.04,1084.42,57.59,1196.83,0.7021
4,single_car_video_5_speed_1V_5_header.mp4,17,32.2,1136.76,0.0,1075.83,64.4,1197.69,0.7004
4,single_car_video_5_speed_1V_5_header.mp4,18,34.62,1136.97,0.08,1074.11,69.16,1199.82,0.7647
4,single_car_video_5_speed_1V_5_header.mp4,19,36.76,1135.72,0.35,1070.47,73.17,1200.97,0.7975
4,single_car_video_5_speed_1V_5_header.mp4,20,41.65,1133.57,0.6,1067.16,82.69,1199.98,0.834
4,single_car_video_5_speed_1V_5_header.mp4,21,42.69,1132.75,0.66,1065.44,84.71,1200.05,0.8289
4,single_car_video_5_speed_1V_5_header.mp4,22,46.32,1130.2,0.05,1062.08,92.59,1198.32,0.8313
4,single_car_video_5_speed_1V_5_header.mp4,23,47.58,1128.87,0.0,1059.63,95.17,1198.11,0.8443
4,single_car_video_5_speed_1V_5_header.mp4,24,50.7,1128.39,0.0,1057.73,101.39,1199.05,0.8442
4,single_car_video_5_speed_1V_5_header.mp4,25,54.29,1127.35,0.0,1053.19,108.58,1201.51,0.8418
4,single_car_video_5_speed_1V_5_header.mp4,26,52.99,1128.05,0.0,1050.94,105.98,1205.16,0.8473
4,single_car_video_5_speed_1V_5_header.mp4,27,56.46,1125.85,0.0,1047.9,112.91,1203.8,0.8387
4,single_car_video_5_speed_1V_5_header.mp4,28,59.46,1124.72,0.0,1045.1,118.91,1204.35,0.8081
4,single_car_video_5_speed_1V_5_header.mp4,29,59.67,1123.65,0.0,1043.38,119.34,1203.92,0.7838
4,single_car_video_5_speed_1V_5_header.mp4,30,62.36,1122.18,0.0,1040.79,124.72,1203.57,0.811
4,single_car_video_5_speed_1V_5_header.mp4,31,65.77,1119.55,0.0,1036.35,131.54,1202.76,0.7739
4,single_car_video_5_speed_1V_5_header.mp4,32,67.97,1116.29,0.0,1031.38,135.94,1201.19,0.7925
4,single_car_video_5_speed_1V_5_header.mp4,33,67.96,1117.16,0.0,1030.95,135.91,1203.38,0.7883
4,single_car_video_5_speed_1V_5_header.mp4,34,70.1,1114.55,0.0,1027.84,140.2,1201.25,0.7851
4,single_car_video_5_speed_1V_5_header.mp4,35,73.93,1114.94,0.0,1029.09,147.86,1200.79,0.8742
4,single_car_video_5_speed_1V_5_header.mp4,36,76.26,1113.04,0.0,1026.99,152.51,1199.09,0.8055
4,single_car_video_5_speed_1V_5_header.mp4,37,87.12,1103.53,0.98,1015.63,173.27,1191.44,0.7976
4,single_car_video_5_speed_1V_5_header.mp4,38,85.81,1102.56,1.18,1015.0,170.45,1190.12,0.8042
4,single_car_video_5_speed_1V_5_header.mp4,39,93.26,1101.06,0.76,1013.18,185.77,1188.94,0.8203
4,single_car_video_5_speed_1V_5_header.mp4,40,94.41,1100.05,0.6,1013.15,188.23,1186.95,0.8195
4,single_car_video_5_speed_1V_5_header.mp4,41,89.26,1099.33,1.04,1012.03,177.47,1186.63,0.8176
4,single_car_video_5_speed_1V_5_header.mp4,42,92.2,1095.52,0.2,1008.5,184.19,1182.55,0.8309
4,single_car_video_5_speed_1V_5_header.mp4,43,94.5,1091.28,0.0,1004.36,188.99,1178.2,0.8478
4,single_car_video_5_speed_1V_5_header.mp4,44,95.72,1087.86,0.0,999.58,191.43,1176.15,0.8481
4,single_car_video_5_speed_1V_5_header.mp4,45,100.64,1084.75,0.32,995.28,200.96,1174.22,0.8726
4,single_car_video_5_speed_1V_5_header.mp4,46,101.57,1083.22,0.0,994.97,203.15,1171.47,0.8691
4,single_car_video_5_speed_1V_5_header.mp4,47,102.9,1081.58,0.0,993.6,205.79,1169.56,0.8626
4,single_car_video_5_speed_1V_5_header.mp4,48,105.15,1079.49,0.71,991.65,209.59,1167.32,0.8684
4,single_car_video_5_speed_1V_5_header.mp4,49,105.23,1077.81,0.97,990.14,209.5,1165.48,0.8669
4,single_car_video_5_speed_1V_5_header.mp4,50,106.89,1074.78,1.2,988.7,212.57,1160.87,0.8679
4,single_car_video_5_speed_1V_5_header.mp4,51,105.41,1072.9,1.34,988.0,209.47,1157.81,0.8607
4,single_car_video_5_speed_1V_5_header.mp4,52,110.67,1071.78,6.51,985.05,214.83,1158.51,0.8622
4,single_car_video_5_speed_1V_5_header.mp4,53,117.39,1070.23,7.42,982.2,227.37,1158.26,0.8689
4,single_car_video_5_speed_1V_5_header.mp4,54,115.75,1066.5,10.33,981.72,221.17,1151.28,0.863
4,single_car_video_5_speed_1V_5_header.mp4,55,120.82,1059.88,12.73,976.21,228.91,1143.54,0.889
4,single_car_video_5_speed_1V_5_header.mp4,56,126.99,1056.0,17.64,972.2,236.34,1139.8,0.8921
4,single_car_video_5_speed_1V_5_header.mp4,57,134.04,1053.98,24.71,969.78,243.38,1138.19,0.9017
4,single_car_video_5_speed_1V_5_header.mp4,58,134.99,1051.13,27.92,966.64,242.06,1135.62,0.8931
4,single_car_video_5_speed_1V_5_header.mp4,59,138.1,1048.09,30.5,963.63,245.7,1132.54,0.891
4,single_car_video_5_speed_1V_5_header.mp4,60,143.33,1044.67,33.22,960.13,253.44,1129.21,0.8982
4,single_car_video_5_speed_1V_5_header.mp4,61,151.4,1041.86,45.88,957.8,256.91,1125.92,0.8968
4,single_car_video_5_speed_1V_5_header.mp4,62,155.5,1039.59,50.08,954.31,260.93,1124.87,0.9014
4,single_car_video_5_speed_1V_5_header.mp4,63,156.87,1036.66,52.71,950.59,261.02,1122.74,0.8912
4,single_car_video_5_speed_1V_5_header.mp4,64,161.94,1033.15,58.03,945.89,265.85,1120.41,0.8842
4,single_car_video_5_speed_1V_5_header.mp4,65,166.89,1031.29,62.49,944.44,271.29,1118.14,0.8853
4,single_car_video_5_speed_1V_5_header.mp4,66,173.02,1029.32,67.47,942.83,278.57,1115.81,0.8935
4,single_car_video_5_speed_1V_5_header.mp4,67,178.93,1025.98,72.97,939.81,284.88,1112.16,0.8928
4,single_car_video_5_speed_1V_5_header.mp4,68,181.08,1023.96,75.36,939.16,286.79,1108.76,0.8947
4,single_car_video_5_speed_1V_5_header.mp4,69,187.33,1022.45,87.23,938.72,287.44,1106.17,0.887
4,single_car_video_5_speed_1V_5_header.mp4,70,196.66,1022.4,94.23,938.67,299.08,1106.13,0.8858
4,single_car_video_5_speed_1V_5_header.mp4,71,202.54,1021.99,100.08,937.97,305.0,1106.01,0.8729
4,single_car_video_5_speed_1V_5_header.mp4,72,206.05,1020.63,103.65,938.09,308.44,1103.17,0.8593
4,single_car_video_5_speed_1V_5_header.mp4,73,213.33,1015.31,109.26,936.33,317.4,1094.29,0.8513
4,single_car_video_5_speed_1V_5_header.mp4,74,214.67,1014.12,111.35,937.53,317.99,1090.72,0.8553
4,single_car_video_5_speed_1V_5_header.mp4,75,218.58,1013.92,113.63,937.39,323.53,1090.44,0.8731
4,single_car_video_5_speed_1V_5_header.mp4,76,223.98,1013.3,115.19,937.29,332.78,1089.31,0.8781
4,single_car_video_5_speed_1V_5_header.mp4,77,228.19,1012.67,118.8,937.23,337.58,1088.1,0.886
4,single_car_video_5_speed_1V_5_header.mp4,78,232.43,1011.6,125.37,937.37,339.49,1085.83,0.8852
4,single_car_video_5_speed_1V_5_header.mp4,79,238.65,1009.36,132.56,936.95,344.75,1081.77,0.88
4,single_car_video_5_speed_1V_5_header.mp4,80,244.69,1008.0,137.95,936.93,351.43,1079.08,0.8635
4,single_car_video_5_speed_1V_5_header.mp4,81,253.89,1006.98,145.14,937.45,362.63,1076.51,0.8578
4,single_car_video_5_speed_1V_5_header.mp4,82,259.49,1006.33,151.11,937.78,367.86,1074.87,0.8577
4,single_car_video_5_speed_1V_5_header.mp4,83,265.98,1005.16,159.75,937.72,372.21,1072.6,0.849
4,single_car_video_5_speed_1V_5_header.mp4,84,274.53,1006.61,165.12,937.7,383.93,1075.52,0.864
4,single_car_video_5_speed_1V_5_header.mp4,85,277.51,1006.47,169.8,937.4,385.23,1075.55,0.8662
4,single_car_video_5_speed_1V_5_header.mp4,86,280.54,1005.58,172.93,937.66,388.15,1073.49,0.8775
4,single_car_video_5_speed_1V_5_header.mp4,87,285.84,1004.01,179.21,938.99,392.46,1069.03,0.8771
4,single_car_video_5_speed_1V_5_header.mp4,88,290.98,1001.98,183.67,938.7,398.29,1065.26,0.8773
4,single_car_video_5_speed_1V_5_header.mp4,89,291.41,1002.89,186.8,936.92,396.02,1068.85,0.8766
4,single_car_video_5_speed_1V_5_header.mp4,90,296.56,1003.08,191.48,937.79,401.64,1068.36,0.8847
4,single_car_video_5_speed_1V_5_header.mp4,91,305.46,1002.42,202.48,939.25,408.44,1065.59,0.8466
4,single_car_video_5_speed_1V_5_header.mp4,92,314.5,1002.31,209.04,940.71,419.96,1063.9,0.8432
4,single_car_video_5_speed_1V_5_header.mp4,93,314.16,1002.85,209.79,939.21,418.54,1066.5,0.907
4,single_car_video_5_speed_1V_5_header.mp4,94,318.22,1003.11,216.09,939.71,420.36,1066.52,0.9468
4,single_car_video_5_speed_1V_5_header.mp4,95,321.53,1003.38,217.68,941.4,425.38,1065.36,0.9542
4,single_car_video_5_speed_1V_5_header.mp4,96,327.08,1003.42,224.16,940.47,430.01,1066.38,0.8983
4,single_car_video_5_speed_1V_5_header.mp4,97,335.28,1003.9,233.21,943.16,437.35,1064.63,0.8845
4,single_car_video_5_speed_1V_5_header.mp4,98,338.57,1004.93,237.67,945.02,439.48,1064.85,0.9043
4,single_car_video_5_speed_1V_5_header.mp4,99,345.48,1004.87,241.64,945.73,449.32,1064.02,0.9591
4,single_car_video_5_speed_1V_5_header.mp4,100,347.67,1005.1,243.8,946.09,451.55,1064.1,0.9454
4,single_car_video_5_speed_1V_5_header.mp4,101,352.68,1005.05,250.96,945.66,454.4,1064.44,0.9115
4,single_car_video_5_speed_1V_5_header.mp4,102,357.48,1005.82,258.64,946.23,456.32,1065.42,0.9017
4,single_car_video_5_speed_1V_5_header.mp4,103,364.09,1006.83,259.93,947.15,468.25,1066.52,0.871
4,single_car_video_5_speed_1V_5_header.mp4,104,367.41,1007.03,266.85,946.78,467.97,1067.28,0.9446
4,single_car_video_5_speed_1V_5_header.mp4,105,371.69,1007.03,268.29,947.77,475.1,1066.29,0.9518
4,single_car_video_5_speed_1V_5_header.mp4,106,379.55,1007.6,278.06,948.99,481.04,1066.22,0.8923
4,single_car_video_5_speed_1V_5_header.mp4,107,388.08,1006.16,283.72,946.99,492.44,1065.34,0.8623
4,single_car_video_5_speed_1V_5_header.mp4,108,390.19,1011.87,288.84,953.23,491.53,1070.51,0.8678
4,single_car_video_5_speed_1V_5_header.mp4,109,395.04,1013.26,292.02,953.8,498.07,1072.72,0.9249
4,single_car_video_5_speed_1V_5_header.mp4,110,396.38,1010.04,294.99,950.89,497.78,1069.19,0.9223
4,single_car_video_5_speed_1V_5_header.mp4,111,403.22,1013.86,302.48,953.96,503.96,1073.75,0.8911
4,single_car_video_5_speed_1V_5_header.mp4,112,407.59,1014.92,306.23,955.75,508.96,1074.1,0.8497
4,single_car_video_5_speed_1V_5_header.mp4,113,415.26,1020.43,312.15,959.34,518.36,1081.53,0.8839
4,single_car_video_5_speed_1V_5_header.mp4,114,417.9,1023.72,315.23,961.68,520.57,1085.77,0.8821
4,single_car_video_5_speed_1V_5_header.mp4,115,421.71,1024.1,319.0,960.54,524.41,1087.65,0.9328
4,single_car_video_5_speed_1V_5_header.mp4,116,423.87,1025.75,322.14,961.64,525.61,1089.85,0.9302
4,single_car_video_5_speed_1V_5_header.mp4,117,432.64,1027.1,325.64,957.42,539.64,1096.77,0.8859
4,single_car_video_5_speed_1V_5_header.mp4,118,436.87,1029.33,331.49,959.24,542.24,1099.42,0.8686
4,single_car_video_5_speed_1V_5_header.mp4,119,440.52,1031.17,336.7,960.94,544.34,1101.4,0.8581
4,single_car_video_5_speed_1V_5_header.mp4,120,442.88,1032.86,338.9,963.03,546.85,1102.68,0.8519
4,single_car_video_5_speed_1V_5_header.mp4,121,448.43,1036.71,344.74,968.19,552.11,1105.23,0.8761
4,single_car_video_5_speed_1V_5_header.mp4,122,450.49,1038.49,347.95,969.71,553.03,1107.27,0.903
4,single_car_video_5_speed_1V_5_header.mp4,123,455.48,1040.86,352.96,970.53,558.0,1111.2,0.8571
4,single_car_video_5_speed_1V_5_header.mp4,124,461.74,1042.24,358.38,972.03,565.11,1112.44,0.834
4,single_car_video_5_speed_1V_5_header.mp4,125,467.27,1044.92,365.6,975.75,568.93,1114.08,0.822
4,single_car_video_5_speed_1V_5_header.mp4,126,471.43,1050.04,368.9,980.96,573.95,1119.12,0.8064
4,single_car_video_5_speed_1V_5_header.mp4,127,478.72,1053.9,375.2,982.37,582.24,1125.43,0.8458
4,single_car_video_5_speed_1V_5_header.mp4,128,479.59,1054.58,377.13,981.28,582.05,1127.88,0.8619
4,single_car_video_5_speed_1V_5_header.mp4,129,482.38,1057.5,377.89,983.37,586.87,1131.63,0.8759
4,single_car_video_5_speed_1V_5_header.mp4,130,486.72,1062.1,384.9,986.73,588.53,1137.48,0.8545
4,single_car_video_5_speed_1V_5_header.mp4,131,494.31,1066.17,391.66,989.22,596.96,1143.13,0.8598
4,single_car_video_5_speed_1V_5_header.mp4,132,497.76,1067.43,393.72,990.24,601.81,1144.61,0.8485
4,single_car_video_5_speed_1V_5_header.mp4,133,505.43,1070.59,401.41,991.4,609.44,1149.79,0.8653
4,single_car_video_5_speed_1V_5_header.mp4,134,507.71,1074.69,406.07,994.74,609.35,1154.64,0.8509
4,single_car_video_5_speed_1V_5_header.mp4,135,506.98,1076.48,404.8,996.46,609.17,1156.49,0.8424
4,single_car_video_5_speed_1V_5_header.mp4,136,510.01,1078.25,409.04,998.31,610.98,1158.2,0.8431
4,single_car_video_5_speed_1V_5_header.mp4,137,513.79,1084.69,414.4,1003.99,613.19,1165.39,0.8367
4,single_car_video_5_speed_1V_5_header.mp4,138,516.86,1086.98,416.25,1007.34,617.47,1166.62,0.8376
4,single_car_video_5_speed_1V_5_header.mp4,139,522.76,1089.4,418.22,1009.22,627.3,1169.57,0.86
4,single_car_video_5_speed_1V_5_header.mp4,140,526.65,1095.52,422.86,1012.31,630.44,1178.73,0.8513
4,single_car_video_5_speed_1V_5_header.mp4,141,529.99,1096.93,429.53,1011.66,630.45,1182.21,0.8928
4,single_car_video_5_speed_1V_5_header.mp4,142,533.76,1099.39,432.13,1013.85,635.38,1184.93,0.8794
4,single_car_video_5_speed_1V_5_header.mp4,143,536.98,1105.64,436.11,1017.78,637.86,1193.5,0.875
4,single_car_video_5_speed_1V_5_header.mp4,144,537.64,1107.17,438.53,1018.43,636.75,1195.91,0.8764
4,single_car_video_5_speed_1V_5_header.mp4,145,540.16,1111.53,442.83,1021.91,637.48,1201.14,0.8783
4,single_car_video_5_speed_1V_5_header.mp4,146,540.19,1114.47,446.1,1024.6,634.29,1204.33,0.8769
4,single_car_video_5_speed_1V_5_header.mp4,147,542.82,1117.05,449.47,1026.91,636.16,1207.19,0.8696
4,single_car_video_5_speed_1V_5_header.mp4,148,549.19,1125.0,453.16,1035.06,645.22,1214.95,0.8519
4,single_car_video_5_speed_1V_5_header.mp4,149,552.6,1129.86,458.9,1040.62,646.29,1219.1,0.8539
4,single_car_video_5_speed_1V_5_header.mp4,150,553.68,1132.01,459.05,1040.86,648.32,1223.15,0.8618
4,single_car_video_5_speed_1V_5_header.mp4,151,559.79,1136.61,466.38,1041.59,653.21,1231.64,0.8859
4,single_car_video_5_speed_1V_5_header.mp4,152,562.99,1138.44,469.04,1043.37,656.93,1233.51,0.8911
4,single_car_video_5_speed_1V_5_header.mp4,153,565.27,1141.77,471.4,1045.71,659.14,1237.84,0.8995
4,single_car_video_5_speed_1V_5_header.mp4,154,567.29,1145.72,473.64,1050.11,660.94,1241.32,0.904
4,single_car_video_5_speed_1V_5_header.mp4,155,569.36,1149.29,476.62,1053.74,662.1,1244.84,0.9106
4,single_car_video_5_speed_1V_5_header.mp4,156,570.47,1156.48,477.91,1057.44,663.03,1255.53,0.9054
4,single_car_video_5_speed_1V_5_header.mp4,157,570.63,1160.27,478.85,1061.37,662.41,1259.16,0.8942
4,single_car_video_5_speed_1V_5_header.mp4,158,572.27,1162.78,480.89,1063.85,663.65,1261.7,0.8907
4,single_car_video_5_speed_1V_5_header.mp4,159,575.0,1167.9,486.55,1066.43,663.45,1269.36,0.8864
4,single_car_video_5_speed_1V_5_header.mp4,160,579.62,1171.23,491.1,1070.94,668.13,1271.52,0.8647
4,single_car_video_5_speed_1V_5_header.mp4,161,582.35,1177.28,493.41,1075.8,671.28,1278.75,0.8755
4,single_car_video_5_speed_1V_5_header.mp4,162,582.57,1183.42,496.07,1081.43,669.07,1285.41,0.8719
4,single_car_video_5_speed_1V_5_header.mp4,163,583.82,1187.0,499.64,1084.6,668.01,1289.4,0.8677
4,single_car_video_5_speed_1V_5_header.mp4,164,585.39,1193.58,503.47,1093.13,667.32,1294.04,0.869
4,single_car_video_5_speed_1V_5_header.mp4,165,591.44,1196.03,507.26,1095.86,675.63,1296.21,0.8883
4,single_car_video_5_speed_1V_5_header.mp4,166,594.4,1200.6,510.5,1098.62,678.3,1302.58,0.8875
4,single_car_video_5_speed_1V_5_header.mp4,167,598.76,1205.25,513.53,1101.62,684.0,1308.88,0.884
4,single_car_video_5_speed_1V_5_header.mp4,168,600.25,1209.27,516.12,1106.83,684.38,1311.72,0.8761
4,single_car_video_5_speed_1V_5_header.mp4,169,601.59,1213.59,518.2,1112.12,684.97,1315.06,0.8547
4,single_car_video_5_speed_1V_5_header.mp4,170,605.09,1217.76,524.55,1114.73,685.63,1320.79,0.8507
4,single_car_video_5_speed_1V_5_header.mp4,171,609.59,1221.56,526.45,1120.29,692.72,1322.82,0.8658
4,single_car_video_5_speed_1V_5_header.mp4,172,611.16,1227.27,528.27,1123.12,694.04,1331.42,0.8721
4,single_car_video_5_speed_1V_5_header.mp4,173,613.35,1232.97,530.0,1127.67,696.69,1338.26,0.8768
4,single_car_video_5_speed_1V_5_header.mp4,174,614.39,1237.17,531.7,1131.67,697.07,1342.68,0.876
4,single_car_video_5_speed_1V_5_header.mp4,175,618.88,1239.28,532.37,1133.93,705.39,1344.64,0.8844
4,single_car_video_5_speed_1V_5_header.mp4,176,617.5,1243.55,533.2,1140.13,701.81,1346.98,0.8795
4,single_car_video_5_speed_1V_5_header.mp4,177,622.9,1244.46,533.21,1140.84,712.58,1348.07,0.8867
4,single_car_video_5_speed_1V_5_header.mp4,178,624.25,1248.27,534.2,1145.25,714.3,1351.29,0.8947
4,single_car_video_5_speed_1V_5_header.mp4,179,624.49,1253.37,534.49,1149.29,714.49,1357.44,0.9
4,single_car_video_5_speed_1V_5_header.mp4,180,629.38,1257.06,538.53,1154.31,720.22,1359.81,0.9012
4,single_car_video_5_speed_1V_5_header.mp4,181,630.65,1260.08,541.67,1158.25,719.63,1361.91,0.889
4,single_car_video_5_speed_1V_5_header.mp4,182,635.57,1264.27,546.74,1161.14,724.4,1367.39,0.8831
4,single_car_video_5_speed_1V_5_header.mp4,183,640.23,1267.0,553.25,1163.64,727.22,1370.36,0.8669
4,single_car_video_5_speed_1V_5_header.mp4,184,642.87,1273.01,558.65,1172.14,727.09,1373.88,0.8745
4,single_car_video_5_speed_1V_5_header.mp4,185,642.46,1279.01,555.19,1175.31,729.73,1382.7,0.8949
4,single_car_video_5_speed_1V_5_header.mp4,186,644.12,1281.21,559.11,1177.58,729.13,1384.85,0.8861
4,single_car_video_5_speed_1V_5_header.mp4,187,653.04,1286.1,568.35,1182.76,737.73,1389.44,0.8916
4,single_car_video_5_speed_1V_5_header.mp4,188,653.86,1290.81,568.85,1186.32,738.87,1395.3,0.8924
4,single_car_video_5_speed_1V_5_header.mp4,189,659.58,1294.86,575.03,1191.33,744.14,1398.4,0.8815
4,single_car_video_5_speed_1V_5_header.mp4,190,663.16,1297.68,577.76,1193.37,748.55,1401.98,0.8826
4,single_car_video_5_speed_1V_5_header.mp4,191,666.61,1304.39,579.44,1198.3,753.77,1410.48,0.8972
4,single_car_video_5_speed_1V_5_header.mp4,192,666.61,1307.94,580.2,1202.52,753.02,1413.36,0.8963
4,single_car_video_5_speed_1V_5_header.mp4,193,669.28,1316.03,581.49,1210.24,757.07,1421.82,0.8813
4,single_car_video_5_speed_1V_5_header.mp4,194,670.99,1321.05,581.63,1217.44,760.34,1424.65,0.8644
4,single_car_video_5_speed_1V_5_header.mp4,195,675.18,1322.02,585.82,1216.48,764.54,1427.55,0.8565
4,single_car_video_5_speed_1V_5_header.mp4,196,677.7,1328.12,589.65,1221.9,765.76,1434.34,0.8528
4,single_car_video_5_speed_1V_5_header.mp4,197,679.41,1331.74,589.82,1224.52,769.0,1438.96,0.8609
4,single_car_video_5_speed_1V_5_header.mp4,198,682.73,1333.85,593.15,1226.54,772.31,1441.16,0.858
4,single_car_video_5_speed_1V_5_header.mp4,199,684.05,1338.01,595.07,1229.57,773.03,1446.45,0.8664
4,single_car_video_5_speed_1V_5_header.mp4,200,687.47,1341.11,599.59,1233.16,775.35,1449.05,0.8804
4,single_car_video_5_speed_1V_5_header.mp4,201,694.43,1345.87,606.12,1240.28,782.74,1451.45,0.8758
4,single_car_video_5_speed_1V_5_header.mp4,202,696.14,1348.78,607.82,1242.07,784.45,1455.49,0.8786
4,single_car_video_5_speed_1V_5_header.mp4,203,698.31,1352.74,610.35,1244.12,786.27,1461.37,0.884
4,single_car_video_5_speed_1V_5_header.mp4,204,700.37,1358.92,613.4,1249.75,787.33,1468.1,0.8755
4,single_car_video_5_speed_1V_5_header.mp4,205,703.32,1363.9,619.08,1255.35,787.56,1472.45,0.856
4,single_car_video_5_speed_1V_5_header.mp4,206,706.07,1366.63,625.64,1254.65,786.51,1478.62,0.8577
4,single_car_video_5_speed_1V_5_header.mp4,207,707.63,1373.45,627.44,1260.97,787.82,1485.93,0.8763
4,single_car_video_5_speed_1V_5_header.mp4,208,708.69,1379.57,628.88,1270.69,788.5,1488.45,0.8684
4,single_car_video_5_speed_1V_5_header.mp4,209,710.16,1384.53,631.33,1275.25,788.99,1493.82,0.8681
4,single_car_video_5_speed_1V_5_header.mp4,210,711.05,1388.2,632.29,1277.84,789.8,1498.55,0.8637
4,single_car_video_5_speed_1V_5_header.mp4,211,711.0,1393.16,633.47,1283.9,788.53,1502.43,0.8513
4,single_car_video_5_speed_1V_5_header.mp4,212,712.93,1399.2,635.04,1288.72,790.81,1509.68,0.8678
4,single_car_video_5_speed_1V_5_header.mp4,213,713.54,1403.7,636.41,1292.9,790.68,1514.51,0.861
4,single_car_video_5_speed_1V_5_header.mp4,214,713.65,1408.37,636.7,1297.43,790.6,1519.31,0.858
4,single_car_video_5_speed_1V_5_header.mp4,215,713.91,1414.93,637.54,1302.52,790.27,1527.34,0.8589
4,single_car_video_5_speed_1V_5_header.mp4,216,714.51,1418.99,638.84,1305.35,790.18,1532.64,0.8633
4,single_car_video_5_speed_1V_5_header.mp4,217,716.59,1424.6,641.54,1310.38,791.65,1538.81,0.8533
4,single_car_video_5_speed_1V_5_header.mp4,218,715.25,1429.27,643.22,1313.17,787.28,1545.37,0.853
4,single_car_video_5_speed_1V_5_header.mp4,219,716.15,1436.02,645.5,1319.73,786.81,1552.31,0.8537
4,single_car_video_5_speed_1V_5_header.mp4,220,717.11,1439.98,647.44,1323.91,786.78,1556.06,0.8453
4,single_car_video_5_speed_1V_5_header.mp4,221,715.36,1442.56,649.64,1329.87,781.09,1555.26,0.8382
4,single_car_video_5_speed_1V_5_header.mp4,222,718.29,1452.13,652.58,1337.78,783.99,1566.47,0.838
4,single_car_video_5_speed_1V_5_header.mp4,223,718.42,1458.38,654.97,1342.91,781.87,1573.85,0.8244
4,single_car_video_5_speed_1V_5_header.mp4,224,717.84,1465.29,652.69,1351.05,783.0,1579.54,0.8462
4,single_car_video_5_speed_1V_5_header.mp4,225,717.82,1468.45,653.27,1354.14,782.37,1582.77,0.8564
4,single_car_video_5_speed_1V_5_header.mp4,226,719.61,1472.21,657.95,1355.83,781.28,1588.6,0.859
4,single_car_video_5_speed_1V_5_header.mp4,227,721.66,1477.63,660.99,1362.96,782.34,1592.3,0.8558
4,single_car_video_5_speed_1V_5_header.mp4,228,722.88,1483.27,664.35,1366.23,781.42,1600.32,0.8418
4,single_car_video_5_speed_1V_5_header.mp4,229,721.2,1485.68,662.85,1368.14,779.55,1603.21,0.8409
4,single_car_video_5_speed_1V_5_header.mp4,230,719.95,1489.58,662.41,1373.0,777.49,1606.16,0.8414
4,single_car_video_5_speed_1V_5_header.mp4,231,717.98,1495.53,663.21,1375.3,772.75,1615.76,0.8359
4,single_car_video_5_speed_1V_5_header.mp4,232,716.39,1511.77,655.59,1393.78,777.19,1629.76,0.8321
4,single_car_video_5_speed_1V_5_header.mp4,233,713.96,1517.39,655.46,1396.33,772.47,1638.45,0.8669
4,single_car_video_5_speed_1V_5_header.mp4,234,716.27,1518.5,660.66,1401.21,771.89,1635.79,0.8374
4,single_car_video_5_speed_1V_5_header.mp4,235,715.66,1522.61,658.54,1404.88,772.79,1640.35,0.8446
4,single_car_video_5_speed_1V_5_header.mp4,236,714.67,1525.45,659.93,1409.34,769.42,1641.57,0.8449
4,single_car_video_5_speed_1V_5_header.mp4,237,710.76,1537.43,653.56,1417.51,767.96,1657.34,0.9162
4,single_car_video_5_speed_1V_5_header.mp4,238,710.22,1543.55,652.99,1423.07,767.44,1664.03,0.8562
4,single_car_video_5_speed_1V_5_header.mp4,239,708.55,1543.3,650.46,1426.14,766.65,1660.45,0.8429
4,single_car_video_5_speed_1V_5_header.mp4,240,706.89,1551.25,647.48,1430.76,766.3,1671.75,0.8761
4,single_car_video_5_speed_1V_5_header.mp4,241,706.45,1557.16,647.24,1438.27,765.66,1676.06,0.8845
4,single_car_video_5_speed_1V_5_header.mp4,242,706.65,1567.34,645.47,1446.41,767.84,1688.27,0.8175
4,single_car_video_5_speed_1V_5_header.mp4,243,703.95,1567.25,646.0,1451.33,761.89,1683.16,0.8167
4,single_car_video_5_speed_1V_5_header.mp4,244,703.48,1573.77,644.63,1457.09,762.33,1690.45,0.8276
4,single_car_video_5_speed_1V_5_header.mp4,245,703.3,1577.82,642.12,1459.95,764.48,1695.68,0.8277
4,single_car_video_5_speed_1V_5_header.mp4,246,701.05,1583.57,640.6,1463.24,761.49,1703.9,0.8248
4,single_car_video_5_speed_1V_5_header.mp4,247,701.21,1588.09,635.01,1470.14,767.42,1706.03,0.8242
4,single_car_video_5_speed_1V_5_header.mp4,248,699.49,1591.91,632.02,1475.65,766.96,1708.16,0.8215
4,single_car_video_5_speed_1V_5_header.mp4,249,698.82,1597.3,626.64,1478.81,771.01,1715.78,0.8518
4,single_car_video_5_speed_1V_5_header.mp4,250,697.03,1603.38,624.05,1481.7,770.02,1725.06,0.8539
4,single_car_video_5_speed_1V_5_header.mp4,251,694.58,1609.29,625.04,1487.78,764.13,1730.8,0.8584
4,single_car_video_5_speed_1V_5_header.mp4,252,693.56,1618.45,622.61,1497.84,764.51,1739.07,0.8911
4,single_car_video_5_speed_1V_5_header.mp4,253,691.57,1625.04,619.84,1502.39,763.3,1747.69,0.9097
4,single_car_video_5_speed_1V_5_header.mp4,254,686.3,1625.37,612.87,1504.62,759.74,1746.12,0.91
4,single_car_video_5_speed_1V_5_header.mp4,255,681.47,1633.39,603.86,1512.79,759.08,1753.98,0.8903
4,single_car_video_5_speed_1V_5_header.mp4,256,681.14,1636.03,601.2,1513.11,761.07,1758.95,0.8883
4,single_car_video_5_speed_1V_5_header.mp4,257,675.1,1642.97,594.41,1521.47,755.79,1764.46,0.892
4,single_car_video_5_speed_1V_5_header.mp4,258,673.62,1646.51,592.15,1524.61,755.08,1768.42,0.9081
4,single_car_video_5_speed_1V_5_header.mp4,259,671.89,1650.79,590.46,1527.61,753.32,1773.97,0.9082
4,single_car_video_5_speed_1V_5_header.mp4,260,669.88,1655.65,587.2,1531.38,752.57,1779.93,0.8932
4,single_car_video_5_speed_1V_5_header.mp4,261,668.96,1660.68,585.15,1537.73,752.78,1783.64,0.866
4,single_car_video_5_speed_1V_5_header.mp4,262,665.81,1666.01,580.44,1543.46,751.19,1788.56,0.873
4,single_car_video_5_speed_1V_5_header.mp4,263,664.52,1672.38,579.01,1550.92,750.03,1793.85,0.8879
4,single_car_video_5_speed_1V_5_header.mp4,264,662.25,1678.65,575.54,1556.3,748.96,1801.0,0.897
4,single_car_video_5_speed_1V_5_header.mp4,265,658.19,1681.93,568.39,1559.36,747.99,1804.51,0.8961
4,single_car_video_5_speed_1V_5_header.mp4,266,654.77,1683.59,563.06,1557.86,746.48,1809.31,0.8955
4,single_car_video_5_speed_1V_5_header.mp4,267,648.03,1690.15,557.85,1566.91,738.21,1813.39,0.9036
4,single_car_video_5_speed_1V_5_header.mp4,268,642.46,1696.43,551.6,1575.14,733.32,1817.72,0.905
4,single_car_video_5_speed_1V_5_header.mp4,269,637.27,1699.52,544.32,1577.14,730.21,1821.9,0.8961
4,single_car_video_5_speed_1V_5_header.mp4,270,633.73,1703.98,540.66,1583.43,726.79,1824.54,0.8798
4,single_car_video_5_speed_1V_5_header.mp4,271,629.99,1712.58,536.3,1591.19,723.68,1833.97,0.869
4,single_car_video_5_speed_1V_5_header.mp4,272,626.36,1717.04,530.3,1597.86,722.41,1836.21,0.8967
4,single_car_video_5_speed_1V_5_header.mp4,273,620.84,1721.43,525.46,1601.34,716.23,1841.53,0.8877
4,single_car_video_5_speed_1V_5_header.mp4,274,619.0,1721.5,524.93,1601.04,713.06,1841.95,0.8694
4,single_car_video_5_speed_1V_5_header.mp4,275,615.71,1726.56,519.1,1605.92,712.32,1847.19,0.8755
4,single_car_video_5_speed_1V_5_header.mp4,276,612.09,1732.87,513.42,1611.61,710.77,1854.14,0.8911
4,single_car_video_5_speed_1V_5_header.mp4,277,610.27,1736.63,510.02,1614.69,710.52,1858.57,0.8969
4,single_car_video_5_speed_1V_5_header.mp4,278,606.9,1740.55,503.77,1620.48,710.02,1860.62,0.8963
4,single_car_video_5_speed_1V_5_header.mp4,279,603.42,1743.01,497.09,1622.36,709.75,1863.66,0.9001
4,single_car_video_5_speed_1V_5_header.mp4,280,597.96,1747.55,492.61,1626.2,703.31,1868.89,0.9071
4,single_car_video_5_speed_1V_5_header.mp4,281,595.61,1749.44,489.89,1629.31,701.32,1869.58,0.9169
4,single_car_video_5_speed_1V_5_header.mp4,282,585.16,1751.59,478.7,1634.82,691.61,1868.37,0.9141
4,single_car_video_5_speed_1V_5_header.mp4,283,583.94,1759.23,475.21,1644.22,692.67,1874.24,0.9105
4,single_car_video_5_speed_1V_5_header.mp4,284,579.26,1764.85,470.12,1649.6,688.4,1880.11,0.9002
4,single_car_video_5_speed_1V_5_header.mp4,285,577.31,1767.35,466.19,1653.75,688.44,1880.95,0.9007
4,single_car_video_5_speed_1V_5_header.mp4,286,570.7,1768.32,461.93,1654.42,679.47,1882.23,0.8893
4,single_car_video_5_speed_1V_5_header.mp4,287,563.26,1770.78,453.01,1659.87,673.5,1881.68,0.8963
4,single_car_video_5_speed_1V_5_header.mp4,288,554.98,1776.7,442.53,1662.43,667.43,1890.97,0.8992
4,single_car_video_5_speed_1V_5_header.mp4,289,552.5,1780.98,438.75,1667.37,666.25,1894.58,0.9048
4,single_car_video_5_speed_1V_5_header.mp4,290,549.06,1784.49,432.22,1669.72,665.91,1899.26,0.9071
4,single_car_video_5_speed_1V_5_header.mp4,291,544.72,1788.38,426.19,1672.96,663.24,1903.8,0.9046
4,single_car_video_5_speed_1V_5_header.mp4,292,539.35,1789.95,425.88,1676.71,652.81,1903.2,0.9104
4,single_car_video_5_speed_1V_5_header.mp4,293,535.34,1791.13,421.64,1677.85,649.04,1904.4,0.9015
4,single_car_video_5_speed_1V_5_header.mp4,294,531.31,1796.51,415.95,1681.76,646.67,1911.27,0.8996
4,single_car_video_5_speed_1V_5_header.mp4,295,527.33,1798.88,408.85,1685.13,645.82,1912.64,0.9164
4,single_car_video_5_speed_1V_5_header.mp4,296,521.31,1802.21,399.79,1692.36,642.83,1912.06,0.922
4,single_car_video_5_speed_1V_5_header.mp4,297,516.22,1806.39,393.37,1696.73,639.08,1916.06,0.9261
4,single_car_video_5_speed_1V_5_header.mp4,298,510.76,1809.46,387.99,1698.42,633.54,1920.5,0.9203
4,single_car_video_5_speed_1V_5_header.mp4,299,504.54,1810.42,381.27,1701.94,627.81,1918.9,0.9125
4,single_car_video_5_speed_1V_5_header.mp4,300,498.03,1808.75,374.62,1702.51,621.44,1914.99,0.9145
4,single_car_video_5_speed_1V_5_header.mp4,301,490.62,1815.41,368.55,1709.24,612.69,1921.57,0.9089
4,single_car_video_5_speed_1V_5_header.mp4,302,486.18,1820.3,363.85,1715.48,608.52,1925.11,0.8969
4,single_car_video_5_speed_1V_5_header.mp4,303,480.45,1823.16,358.54,1717.51,602.37,1928.81,0.9029
4,single_car_video_5_speed_1V_5_header.mp4,304,480.32,1824.88,359.19,1718.15,601.45,1931.62,0.9018
4,single_car_video_5_speed_1V_5_header.mp4,305,472.78,1827.65,350.33,1719.64,595.23,1935.66,0.9068
4,single_car_video_5_speed_1V_5_header.mp4,306,464.76,1828.73,339.95,1720.26,589.58,1937.21,0.8984
4,single_car_video_5_speed_1V_5_header.mp4,307,461.27,1835.6,336.21,1725.25,586.34,1945.95,0.8986
4,single_car_video_5_speed_1V_5_header.mp4,308,452.22,1836.17,327.99,1725.62,576.45,1946.73,0.9065
4,single_car_video_5_speed_1V_5_header.mp4,309,449.24,1840.32,325.08,1728.95,573.4,1951.7,0.9099
4,single_car_video_5_speed_1V_5_header.mp4,310,445.93,1845.29,320.95,1734.99,570.91,1955.59,0.9028
4,single_car_video_5_speed_1V_5_header.mp4,311,439.56,1850.76,320.25,1743.11,558.87,1958.42,0.8971
4,single_car_video_5_speed_1V_5_header.mp4,312,436.88,1854.17,316.15,1747.27,557.62,1961.07,0.9022
4,single_car_video_5_speed_1V_5_header.mp4,313,433.57,1857.35,313.85,1750.72,553.29,1963.98,0.9115
4,single_car_video_5_speed_1V_5_header.mp4,314,428.4,1861.59,306.67,1753.22,550.13,1969.96,0.924
4,single_car_video_5_speed_1V_5_header.mp4,315,422.16,1865.48,298.99,1756.95,545.33,1974.02,0.9308
4,single_car_video_5_speed_1V_5_header.mp4,316,417.2,1867.42,291.99,1758.63,542.42,1976.21,0.935
4,single_car_video_5_speed_1V_5_header.mp4,317,412.48,1869.46,284.81,1761.27,540.14,1977.65,0.938
4,single_car_video_5_speed_1V_5_header.mp4,318,409.24,1874.68,282.99,1766.28,535.5,1983.07,0.9245
4,single_car_video_5_speed_1V_5_header.mp4,319,403.1,1879.75,276.57,1770.73,529.64,1988.77,0.9201
4,single_car_video_5_speed_1V_5_header.mp4,320,397.05,1881.08,273.29,1770.48,520.82,1991.68,0.9225
4,single_car_video_5_speed_1V_5_header.mp4,321,393.05,1884.75,267.53,1774.19,518.58,1995.31,0.9154
4,single_car_video_5_speed_1V_5_header.mp4,322,388.28,1889.23,264.16,1778.22,512.4,2000.24,0.9047
4,single_car_video_5_speed_1V_5_header.mp4,323,382.35,1890.19,261.23,1783.5,503.47,1996.88,0.8948
5,single_car_video_6_speed_1V_6_header.mp4,16,15.59,1149.2,0.77,1100.48,30.42,1197.92,0.2666
5,single_car_video_6_speed_1V_6_header.mp4,17,17.11,1143.37,0.4,1089.08,33.82,1197.66,0.3358
5,single_car_video_6_speed_1V_6_header.mp4,18,17.98,1140.46,0.31,1083.98,35.64,1196.94,0.4057
5,single_car_video_6_speed_1V_6_header.mp4,19,22.87,1143.13,0.97,1089.56,44.76,1196.7,0.594
5,single_car_video_6_speed_1V_6_header.mp4,20,28.06,1139.81,0.17,1083.2,55.95,1196.42,0.6373
5,single_car_video_6_speed_1V_6_header.mp4,21,29.89,1140.26,0.03,1082.66,59.74,1197.86,0.6624
5,single_car_video_6_speed_1V_6_header.mp4,22,31.35,1136.54,0.0,1074.95,62.7,1198.13,0.7335
5,single_car_video_6_speed_1V_6_header.mp4,23,34.74,1136.1,0.28,1071.16,69.21,1201.05,0.7688
5,single_car_video_6_speed_1V_6_header.mp4,24,37.07,1136.11,0.38,1070.51,73.76,1201.7,0.8255
5,single_car_video_6_speed_1V_6_header.mp4,25,41.71,1133.49,0.63,1067.45,82.79,1199.52,0.8244
5,single_car_video_6_speed_1V_6_header.mp4,26,42.29,1132.17,0.71,1065.42,83.87,1198.92,0.7976
5,single_car_video_6_speed_1V_6_header.mp4,27,45.58,1130.05,0.2,1062.11,90.96,1197.99,0.8293
5,single_car_video_6_speed_1V_6_header.mp4,28,47.03,1128.94,0.0,1060.3,94.06,1197.59,0.8459
5,single_car_video_6_speed_1V_6_header.mp4,29,50.6,1128.64,0.0,1058.25,101.19,1199.03,0.8388
5,single_car_video_6_speed_1V_6_header.mp4,30,53.01,1127.61,0.0,1053.55,106.03,1201.66,0.8281
5,single_car_video_6_speed_1V_6_header.mp4,31,52.43,1127.51,0.0,1051.15,104.87,1203.87,0.8501
5,single_car_video_6_speed_1V_6_header.mp4,32,55.25,1125.89,0.0,1048.37,110.51,1203.41,0.8438
5,single_car_video_6_speed_1V_6_header.mp4,33,56.95,1125.32,0.0,1045.93,113.9,1204.71,0.8284
5,single_car_video_6_speed_1V_6_header.mp4,34,58.85,1123.7,0.0,1043.73,117.7,1203.67,0.7901
5,single_car_video_6_speed_1V_6_header.mp4,35,62.44,1122.16,0.0,1040.79,124.88,1203.53,0.8118
5,single_car_video_6_speed_1V_6_header.mp4,36,63.85,1120.13,0.0,1034.82,127.7,1205.44,0.7791
5,single_car_video_6_speed_1V_6_header.mp4,37,67.24,1118.28,0.0,1030.69,134.48,1205.86,0.7955
5,single_car_video_6_speed_1V_6_header.mp4,38,67.97,1118.14,0.0,1032.48,135.94,1203.79,0.8232
5,single_car_video_6_speed_1V_6_header.mp4,39,68.1,1116.01,0.0,1027.86,136.21,1204.17,0.8008
5,single_car_video_6_speed_1V_6_header.mp4,40,72.73,1114.76,0.0,1028.66,145.45,1200.86,0.8769
5,single_car_video_6_speed_1V_6_header.mp4,41,76.05,1113.12,0.38,1027.39,151.72,1198.86,0.8373
5,single_car_video_6_speed_1V_6_header.mp4,42,83.45,1103.59,1.29,1016.0,165.61,1191.17,0.7937
5,single_car_video_6_speed_1V_6_header.mp4,43,88.16,1102.3,0.95,1014.19,175.36,1190.42,0.8105
5,single_car_video_6_speed_1V_6_header.mp4,44,92.56,1100.69,0.9,1012.31,184.22,1189.07,0.8207
5,single_car_video_6_speed_1V_6_header.mp4,45,93.52,1099.74,0.64,1012.17,186.41,1187.32,0.8252
5,single_car_video_6_speed_1V_6_header.mp4,46,88.47,1099.57,1.15,1011.41,175.8,1187.74,0.8205
5,single_car_video_6_speed_1V_6_header.mp4,47,92.97,1094.35,0.0,1009.5,185.94,1179.21,0.8325
5,single_car_video_6_speed_1V_6_header.mp4,48,97.69,1090.39,0.0,1002.57,195.39,1178.21,0.8518
5,single_car_video_6_speed_1V_6_header.mp4,49,98.71,1087.41,0.0,998.11,197.43,1176.72,0.8522
5,single_car_video_6_speed_1V_6_header.mp4,50,102.07,1084.85,0.24,995.2,203.9,1174.5,0.8745
5,single_car_video_6_speed_1V_6_header.mp4,51,102.44,1083.03,0.0,995.03,204.88,1171.04,0.8688
5,single_car_video_6_speed_1V_6_header.mp4,52,103.13,1081.38,0.0,993.64,206.26,1169.12,0.8625
5,single_car_video_6_speed_1V_6_header.mp4,53,105.15,1079.57,0.81,991.57,209.5,1167.56,0.8689
5,single_car_video_6_speed_1V_6_header.mp4,54,105.59,1077.76,0.94,989.84,210.24,1165.68,0.8692
5,single_car_video_6_speed_1V_6_header.mp4,55,107.58,1074.82,1.21,989.04,213.95,1160.6,0.8687
5,single_car_video_6_speed_1V_6_header.mp4,56,105.54,1073.14,1.3,987.97,209.78,1158.31,0.8625
5,single_car_video_6_speed_1V_6_header.mp4,57,110.43,1071.8,6.18,985.32,214.67,1158.29,0.8641
5,single_car_video_6_speed_1V_6_header.mp4,58,115.36,1070.59,7.3,983.43,223.43,1157.75,0.8675
5,single_car_video_6_speed_1V_6_header.mp4,59,114.9,1066.55,7.58,982.66,222.21,1150.44,0.868
5,single_car_video_6_speed_1V_6_header.mp4,60,122.76,1059.44,12.64,975.39,232.88,1143.49,0.8902
5,single_car_video_6_speed_1V_6_header.mp4,61,128.93,1056.42,17.55,972.67,240.31,1140.17,0.8999
5,single_car_video_6_speed_1V_6_header.mp4,62,133.67,1054.79,23.85,970.43,243.49,1139.16,0.9
5,single_car_video_6_speed_1V_6_header.mp4,63,136.53,1051.08,27.38,966.38,245.67,1135.79,0.8955
5,single_car_video_6_speed_1V_6_header.mp4,64,137.74,1048.66,30.29,963.74,245.2,1133.57,0.8886
5,single_car_video_6_speed_1V_6_header.mp4,65,142.17,1044.82,32.66,961.24,251.68,1128.4,0.8974
5,single_car_video_6_speed_1V_6_header.mp4,66,151.23,1041.86,45.36,958.18,257.11,1125.53,0.8958
5,single_car_video_6_speed_1V_6_header.mp4,67,156.07,1039.53,50.62,953.99,261.51,1125.06,0.9007
5,single_car_video_6_speed_1V_6_header.mp4,68,157.65,1036.52,53.48,950.3,261.82,1122.74,0.8902
5,single_car_video_6_speed_1V_6_header.mp4,69,162.84,1033.76,59.09,946.34,266.59,1121.19,0.8841
5,single_car_video_6_speed_1V_6_header.mp4,70,166.97,1031.65,63.17,944.84,270.77,1118.46,0.8843
5,single_car_video_6_speed_1V_6_header.mp4,71,172.84,1029.4,67.33,942.81,278.36,1116.0,0.8934
5,single_car_video_6_speed_1V_6_header.mp4,72,179.49,1025.93,73.02,939.4,285.96,1112.46,0.8932
5,single_car_video_6_speed_1V_6_header.mp4,73,183.01,1023.57,76.54,937.82,289.48,1109.31,0.8943
5,single_car_video_6_speed_1V_6_header.mp4,74,187.24,1020.27,84.38,934.01,290.11,1106.54,0.8941
5,single_car_video_6_speed_1V_6_header.mp4,75,190.89,1018.8,88.66,930.38,293.13,1107.22,0.8837
5,single_car_video_6_speed_1V_6_header.mp4,76,197.52,1015.42,93.28,926.91,301.76,1103.93,0.8848
5,single_car_video_6_speed_1V_6_header.mp4,77,200.8,1008.09,98.56,923.07,303.04,1093.11,0.8816
5,single_car_video_6_speed_1V_6_header.mp4,78,204.04,1001.18,103.21,915.44,304.88,1086.91,0.8891
5,single_car_video_6_speed_1V_6_header.mp4,79,205.93,997.63,103.13,909.57,308.73,1085.68,0.8966
5,single_car_video_6_speed_1V_6_header.mp4,80,209.12,994.9,108.27,906.88,309.96,1082.92,0.8959
5,single_car_video_6_speed_1V_6_header.mp4,81,211.77,991.11,110.17,902.77,313.36,1079.45,0.9028
5,single_car_video_6_speed_1V_6_header.mp4,82,214.56,985.52,113.13,894.35,315.99,1076.69,0.8938
5,single_car_video_6_speed_1V_6_header.mp4,83,217.54,984.58,114.7,892.1,320.39,1077.05,0.8994
5,single_car_video_6_speed_1V_6_header.mp4,84,223.31,982.33,121.64,890.43,324.97,1074.23,0.8942
5,single_car_video_6_speed_1V_6_header.mp4,85,226.36,978.65,124.14,888.28,328.58,1069.03,0.886
5,single_car_video_6_speed_1V_6_header.mp4,86,231.32,975.5,129.25,885.81,333.4,1065.19,0.8841
5,single_car_video_6_speed_1V_6_header.mp4,87,234.51,969.92,131.93,877.94,337.08,1061.91,0.8816
5,single_car_video_6_speed_1V_6_header.mp4,88,237.5,966.09,135.97,872.04,339.02,1060.14,0.8811
5,single_car_video_6_speed_1V_6_header.mp4,89,239.98,961.4,140.46,867.46,339.5,1055.33,0.8716
5,single_car_video_6_speed_1V_6_header.mp4,90,244.36,958.21,146.92,862.58,341.8,1053.84,0.8671
5,single_car_video_6_speed_1V_6_header.mp4,91,247.13,955.71,148.92,859.96,345.34,1051.45,0.8644
5,single_car_video_6_speed_1V_6_header.mp4,92,252.17,953.48,153.78,856.37,350.56,1050.58,0.8734
5,single_car_video_6_speed_1V_6_header.mp4,93,254.92,946.15,156.68,852.4,353.16,1039.89,0.8856
5,single_car_video_6_speed_1V_6_header.mp4,94,257.7,939.7,160.15,843.33,355.25,1036.06,0.8788
5,single_car_video_6_speed_1V_6_header.mp4,95,260.04,936.16,161.98,840.08,358.1,1032.25,0.8769
5,single_car_video_6_speed_1V_6_header.mp4,96,263.87,933.3,165.26,838.03,362.49,1028.58,0.8875
5,single_car_video_6_speed_1V_6_header.mp4,97,264.81,930.54,167.84,835.49,361.78,1025.58,0.881
5,single_car_video_6_speed_1V_6_header.mp4,98,269.52,927.9,173.94,831.24,365.1,1024.57,0.8811
5,single_car_video_6_speed_1V_6_header.mp4,99,270.38,924.48,174.74,826.81,366.02,1022.15,0.8693
5,single_car_video_6_speed_1V_6_header.mp4,100,271.66,918.99,176.47,821.17,366.84,1016.81,0.8568
5,single_car_video_6_speed_1V_6_header.mp4,101,274.85,914.05,180.02,816.25,369.69,1011.86,0.8524
5,single_car_video_6_speed_1V_6_header.mp4,102,278.06,909.22,183.62,811.78,372.49,1006.65,0.8633
5,single_car_video_6_speed_1V_6_header.mp4,103,282.9,903.84,189.23,805.31,376.57,1002.36,0.8794
5,single_car_video_6_speed_1V_6_header.mp4,104,287.19,900.4,191.65,799.89,382.72,1000.91,0.9057
5,single_car_video_6_speed_1V_6_header.mp4,105,291.51,895.76,196.08,795.51,386.95,996.02,0.9049
5,single_car_video_6_speed_1V_6_header.mp4,106,293.32,891.14,199.69,791.71,386.95,990.58,0.8897
5,single_car_video_6_speed_1V_6_header.mp4,107,296.36,890.62,202.61,791.09,390.12,990.16,0.8861
5,single_car_video_6_speed_1V_6_header.mp4,108,298.8,885.12,206.76,787.44,390.85,982.8,0.8937
5,single_car_video_6_speed_1V_6_header.mp4,109,300.28,880.99,207.29,784.27,393.28,977.71,0.8904
5,single_car_video_6_speed_1V_6_header.mp4,110,304.49,878.33,212.31,780.05,396.67,976.61,0.8789
5,single_car_video_6_speed_1V_6_header.mp4,111,306.46,870.71,217.01,770.89,395.91,970.53,0.8641
5,single_car_video_6_speed_1V_6_header.mp4,112,307.97,865.38,219.88,764.63,396.06,966.13,0.8541
5,single_car_video_6_speed_1V_6_header.mp4,113,309.7,863.09,221.63,762.36,397.76,963.82,0.8477
5,single_car_video_6_speed_1V_6_header.mp4,114,312.46,860.41,223.44,758.67,401.47,962.15,0.8596
5,single_car_video_6_speed_1V_6_header.mp4,115,310.16,857.71,219.27,757.1,401.06,958.32,0.8666
5,single_car_video_6_speed_1V_6_header.mp4,116,315.3,851.38,228.04,750.07,402.56,952.68,0.8682
5,single_car_video_6_speed_1V_6_header.mp4,117,315.25,845.44,228.51,743.13,401.98,947.75,0.8632
5,single_car_video_6_speed_1V_6_header.mp4,118,316.75,841.0,230.26,739.29,403.25,942.7,0.8545
5,single_car_video_6_speed_1V_6_header.mp4,119,319.58,838.19,232.87,737.15,406.3,939.23,0.8455
5,single_car_video_6_speed_1V_6_header.mp4,120,320.34,830.89,232.37,730.46,408.31,931.33,0.8407
5,single_car_video_6_speed_1V_6_header.mp4,121,319.65,826.8,233.53,725.86,405.76,927.75,0.8495
5,single_car_video_6_speed_1V_6_header.mp4,122,321.61,823.29,236.65,721.43,406.56,925.14,0.8418
5,single_car_video_6_speed_1V_6_header.mp4,123,322.11,818.58,238.6,714.67,405.63,922.49,0.8431
5,single_car_video_6_speed_1V_6_header.mp4,124,327.78,816.16,244.84,713.22,410.72,919.1,0.8414
5,single_car_video_6_speed_1V_6_header.mp4,125,332.32,811.37,249.57,710.92,415.07,911.82,0.8473
5,single_car_video_6_speed_1V_6_header.mp4,126,334.68,808.19,251.54,706.78,417.83,909.6,0.8633
5,single_car_video_6_speed_1V_6_header.mp4,127,335.3,802.37,254.15,700.76,416.45,903.98,0.8736
5,single_car_video_6_speed_1V_6_header.mp4,128,337.19,798.87,255.73,694.88,418.65,902.86,0.8791
5,single_car_video_6_speed_1V_6_header.mp4,129,337.67,794.9,255.99,690.75,419.36,899.05,0.8719
5,single_car_video_6_speed_1V_6_header.mp4,130,338.02,788.96,256.77,689.38,419.27,888.54,0.855
5,single_car_video_6_speed_1V_6_header.mp4,131,339.31,784.05,257.52,682.24,421.11,885.86,0.8233
5,single_car_video_6_speed_1V_6_header.mp4,132,341.2,781.9,260.14,679.92,422.26,883.89,0.8208
5,single_car_video_6_speed_1V_6_header.mp4,133,340.32,779.16,258.5,676.26,422.13,882.06,0.8629
5,single_car_video_6_speed_1V_6_header.mp4,134,341.27,774.24,261.22,670.78,421.33,877.7,0.8716
5,single_car_video_6_speed_1V_6_header.mp4,135,343.35,770.57,264.81,666.31,421.89,874.84,0.8692
5,single_car_video_6_speed_1V_6_header.mp4,136,344.96,765.71,268.46,664.3,421.46,867.12,0.8037
5,single_car_video_6_speed_1V_6_header.mp4,137,346.22,757.59,269.1,655.51,423.35,859.67,0.8306
5,single_car_video_6_speed_1V_6_header.mp4,138,344.01,755.41,268.73,653.0,419.28,857.82,0.8473
5,single_car_video_6_speed_1V_6_header.mp4,139,344.94,752.44,270.34,650.4,419.55,854.49,0.8631
5,single_car_video_6_speed_1V_6_header.mp4,140,347.84,746.34,275.23,643.59,420.46,849.09,0.8407
5,single_car_video_6_speed_1V_6_header.mp4,141,346.09,742.58,275.32,640.61,416.86,844.55,0.8329
5,single_car_video_6_speed_1V_6_header.mp4,142,347.04,736.22,275.54,636.31,418.55,836.12,0.8124
5,single_car_video_6_speed_1V_6_header.mp4,143,346.2,732.71,273.66,630.09,418.74,835.34,0.8205
5,single_car_video_6_speed_1V_6_header.mp4,144,347.06,728.75,274.67,627.04,419.44,830.46,0.873
5,single_car_video_6_speed_1V_6_header.mp4,145,347.92,724.53,276.96,622.82,418.87,826.24,0.8812
5,single_car_video_6_speed_1V_6_header.mp4,146,348.26,720.28,276.03,619.21,420.48,821.36,0.8634
5,single_car_video_6_speed_1V_6_header.mp4,147,349.85,717.66,277.78,618.5,421.92,816.81,0.829
5,single_car_video_6_speed_1V_6_header.mp4,148,349.51,710.0,277.97,609.03,421.05,810.96,0.7959
5,single_car_video_6_speed_1V_6_header.mp4,149,350.42,706.93,283.05,606.49,417.8,807.37,0.8371
5,single_car_video_6_speed_1V_6_header.mp4,150,351.81,702.27,285.12,601.91,418.49,802.63,0.8598
5,single_car_video_6_speed_1V_6_header.mp4,151,351.54,698.45,284.52,596.44,418.55,800.45,0.8836
5,single_car_video_6_speed_1V_6_header.mp4,152,352.06,695.68,285.71,592.46,418.41,798.9,0.8407
5,single_car_video_6_speed_1V_6_header.mp4,153,348.24,687.96,282.46,586.92,414.02,789.0,0.8329
5,single_car_video_6_speed_1V_6_header.mp4,154,351.52,683.76,285.18,583.6,417.86,783.92,0.8485
5,single_car_video_6_speed_1V_6_header.mp4,155,351.48,679.74,285.8,577.13,417.16,782.34,0.9109
5,single_car_video_6_speed_1V_6_header.mp4,156,352.36,676.88,287.32,575.58,417.41,778.19,0.9014
5,single_car_video_6_speed_1V_6_header.mp4,157,351.3,673.65,287.4,571.38,415.21,775.93,0.8944
5,single_car_video_6_speed_1V_6_header.mp4,158,351.64,670.64,287.9,566.52,415.39,774.76,0.89
5,single_car_video_6_speed_1V_6_header.mp4,159,347.01,663.97,282.36,561.74,411.66,766.2,0.807
5,single_car_video_6_speed_1V_6_header.mp4,160,348.12,658.43,284.17,557.58,412.07,759.27,0.828
5,single_car_video_6_speed_1V_6_header.mp4,161,347.54,656.9,284.31,554.86,410.78,758.95,0.822
5,single_car_video_6_speed_1V_6_header.mp4,162,348.44,652.22,285.99,551.01,410.89,753.43,0.9026
5,single_car_video_6_speed_1V_6_header.mp4,163,347.78,648.84,286.21,547.79,409.36,749.89,0.8651
5,single_car_video_6_speed_1V_6_header.mp4,164,347.88,644.78,284.81,542.51,410.96,747.05,0.8557
5,single_car_video_6_speed_1V_6_header.mp4,165,343.51,638.09,279.44,534.67,407.58,741.5,0.8434
5,single_car_video_6_speed_1V_6_header.mp4,166,346.44,632.65,283.05,531.41,409.82,733.9,0.8765
5,single_car_video_6_speed_1V_6_header.mp4,167,346.17,629.74,282.02,527.31,410.31,732.17,0.8886
5,single_car_video_6_speed_1V_6_header.mp4,168,345.86,627.63,282.03,526.19,409.69,729.08,0.9262
5,single_car_video_6_speed_1V_6_header.mp4,169,345.21,624.26,280.88,523.04,409.53,725.49,0.8987
5,single_car_video_6_speed_1V_6_header.mp4,170,345.7,620.19,278.58,517.37,412.81,723.01,0.8523
5,single_car_video_6_speed_1V_6_header.mp4,171,343.21,617.42,276.62,515.08,409.8,719.77,0.8091
5,single_car_video_6_speed_1V_6_header.mp4,172,342.7,610.47,273.19,508.82,412.22,712.13,0.8412
5,single_car_video_6_speed_1V_6_header.mp4,173,343.05,605.81,272.72,503.25,413.39,708.37,0.8889
5,single_car_video_6_speed_1V_6_header.mp4,174,341.55,602.87,271.85,501.39,411.24,704.36,0.9164
5,single_car_video_6_speed_1V_6_header.mp4,175,341.58,599.2,271.66,497.99,411.49,700.41,0.8893
5,single_car_video_6_speed_1V_6_header.mp4,176,338.27,594.02,266.42,491.19,410.11,696.86,0.8518
5,single_car_video_6_speed_1V_6_header.mp4,177,337.48,591.16,265.83,486.9,409.14,695.42,0.8555
5,single_car_video_6_speed_1V_6_header.mp4,178,336.29,585.6,263.33,483.3,409.25,687.91,0.8368
5,single_car_video_6_speed_1V_6_header.mp4,179,337.51,581.6,261.46,478.44,413.56,684.76,0.8489
5,single_car_video_6_speed_1V_6_header.mp4,180,333.18,578.16,258.58,477.76,407.78,678.56,0.8268
5,single_car_video_6_speed_1V_6_header.mp4,181,333.81,577.25,259.91,474.99,407.71,679.51,0.8345
5,single_car_video_6_speed_1V_6_header.mp4,182,333.09,572.6,259.14,471.68,407.04,673.53,0.8543
5,single_car_video_6_speed_1V_6_header.mp4,183,330.42,569.83,257.45,468.64,403.4,671.02,0.8898
5,single_car_video_6_speed_1V_6_header.mp4,184,330.17,565.77,256.07,464.81,404.28,666.73,0.848
5,single_car_video_6_speed_1V_6_header.mp4,185,325.12,559.9,249.06,459.06,401.19,660.73,0.843
5,single_car_video_6_speed_1V_6_header.mp4,186,323.98,557.08,248.25,454.9,399.71,659.26,0.8555
5,single_car_video_6_speed_1V_6_header.mp4,187,323.23,553.39,246.61,451.74,399.84,655.04,0.8821
5,single_car_video_6_speed_1V_6_header.mp4,188,321.42,549.43,245.27,449.87,397.56,648.98,0.8805
5,single_car_video_6_speed_1V_6_header.mp4,189,313.66,546.73,237.47,447.94,389.84,645.53,0.8678
5,single_car_video_6_speed_1V_6_header.mp4,190,311.65,541.16,233.3,441.43,390.0,640.88,0.8795
5,single_car_video_6_speed_1V_6_header.mp4,191,311.3,537.43,232.2,439.34,390.41,635.53,0.88
5,single_car_video_6_speed_1V_6_header.mp4,192,307.55,530.97,231.29,433.47,383.81,628.46,0.8777
5,single_car_video_6_speed_1V_6_header.mp4,193,310.73,530.73,233.07,432.25,388.39,629.22,0.8783
5,single_car_video_6_speed_1V_6_header.mp4,194,308.42,527.66,229.38,428.98,387.45,626.33,0.8686
5,single_car_video_6_speed_1V_6_header.mp4,195,308.03,523.03,231.63,424.67,384.43,621.39,0.8706
5,single_car_video_6_speed_1V_6_header.mp4,196,307.09,520.78,230.0,423.32,384.18,618.25,0.8722
5,single_car_video_6_speed_1V_6_header.mp4,197,304.13,519.19,225.02,422.23,383.24,616.15,0.8481
5,single_car_video_6_speed_1V_6_header.mp4,198,300.71,516.24,222.49,420.52,378.93,611.97,0.8405
5,single_car_video_6_speed_1V_6_header.mp4,199,298.54,510.39,218.64,415.9,378.44,604.89,0.832
5,single_car_video_6_speed_1V_6_header.mp4,200,297.05,507.68,216.26,412.27,377.83,603.08,0.843
5,single_car_video_6_speed_1V_6_header.mp4,201,294.35,504.1,212.24,407.95,376.47,600.26,0.8524
5,single_car_video_6_speed_1V_6_header.mp4,202,292.48,500.3,210.18,405.04,374.78,595.56,0.8514
5,single_car_video_6_speed_1V_6_header.mp4,203,288.44,497.86,208.36,401.76,368.53,593.97,0.8504
5,single_car_video_6_speed_1V_6_header.mp4,204,288.23,495.79,205.26,399.52,371.2,592.07,0.8598
5,single_car_video_6_speed_1V_6_header.mp4,205,280.66,491.54,199.17,394.38,362.14,588.7,0.8522
5,single_car_video_6_speed_1V_6_header.mp4,206,278.63,487.42,197.1,391.7,360.16,583.14,0.8392
5,single_car_video_6_speed_1V_6_header.mp4,207,275.2,482.83,190.91,387.53,359.5,578.13,0.8583
5,single_car_video_6_speed_1V_6_header.mp4,208,270.57,480.5,185.38,384.71,355.76,576.29,0.86
5,single_car_video_6_speed_1V_6_header.mp4,209,268.98,477.13,182.28,381.63,355.69,572.63,0.865
5,single_car_video_6_speed_1V_6_header.mp4,210,263.42,476.06,178.91,380.7,347.93,571.41,0.8623
5,single_car_video_6_speed_1V_6_header.mp4,211,262.31,470.44,179.25,374.51,345.37,566.36,0.8623
5,single_car_video_6_speed_1V_6_header.mp4,212,258.03,467.12,175.35,372.96,340.7,561.28,0.853
5,single_car_video_6_speed_1V_6_header.mp4,213,256.5,465.83,175.29,371.46,337.72,560.2,0.8475
5,single_car_video_6_speed_1V_6_header.mp4,214,255.71,461.16,172.61,368.14,338.82,554.18,0.8442
5,single_car_video_6_speed_1V_6_header.mp4,215,253.09,457.38,170.96,362.22,335.22,552.55,0.8411
5,single_car_video_6_speed_1V_6_header.mp4,216,251.6,455.46,170.2,360.0,332.99,550.92,0.8698
5,single_car_video_6_speed_1V_6_header.mp4,217,251.18,452.08,168.9,355.42,333.46,548.75,0.8496
5,single_car_video_6_speed_1V_6_header.mp4,218,248.64,446.55,166.03,351.06,331.25,542.04,0.8745
5,single_car_video_6_speed_1V_6_header.mp4,219,247.4,443.94,166.44,349.46,328.36,538.42,0.8811
5,single_car_video_6_speed_1V_6_header.mp4,220,243.22,444.72,160.79,351.07,325.65,538.36,0.8512
5,single_car_video_6_speed_1V_6_header.mp4,221,242.6,440.66,160.12,348.34,325.08,532.98,0.8519
5,single_car_video_6_speed_1V_6_header.mp4,222,238.82,436.64,155.84,343.49,321.8,529.78,0.8523
5,single_car_video_6_speed_1V_6_header.mp4,223,235.76,432.5,154.16,339.11,317.35,525.88,0.8597
5,single_car_video_6_speed_1V_6_header.mp4,224,232.81,427.94,150.16,332.88,315.46,523.0,0.8646
5,single_car_video_6_speed_1V_6_header.mp4,225,228.83,424.86,145.72,330.28,311.93,519.44,0.8548
5,single_car_video_6_speed_1V_6_header.mp4,226,227.31,423.08,145.15,328.91,309.47,517.26,0.8544
5,single_car_video_6_speed_1V_6_header.mp4,227,227.11,420.75,145.13,326.27,309.1,515.23,0.8537
5,single_car_video_6_speed_1V_6_header.mp4,228,224.4,418.95,142.29,324.74,306.51,513.16,0.8381
5,single_car_video_6_speed_1V_6_header.mp4,229,223.19,415.44,138.34,322.76,308.04,508.12,0.823
5,single_car_video_6_speed_1V_6_header.mp4,230,221.74,411.08,136.4,319.59,307.08,502.57,0.8259
5,single_car_video_6_speed_1V_6_header.mp4,231,217.24,407.42,132.65,316.36,301.83,498.48,0.8203
5,single_car_video_6_speed_1V_6_header.mp4,232,212.96,404.97,130.56,314.54,295.37,495.39,0.817
5,single_car_video_6_speed_1V_6_header.mp4,233,213.81,402.45,129.7,311.68,297.93,493.23,0.8254
5,single_car_video_6_speed_1V_6_header.mp4,234,209.27,400.67,126.44,310.0,292.1,491.35,0.8322
5,single_car_video_6_speed_1V_6_header.mp4,235,207.28,399.95,125.58,310.0,288.98,489.9,0.8383
5,single_car_video_6_speed_1V_6_header.mp4,236,206.21,398.74,124.58,310.0,287.85,487.49,0.8478
5,single_car_video_6_speed_1V_6_header.mp4,237,201.35,396.04,122.92,310.0,279.78,482.09,0.8437
5,single_car_video_6_speed_1V_6_header.mp4,238,200.7,394.68,121.38,310.0,280.02,479.35,0.8335
5,single_car_video_6_speed_1V_6_header.mp4,239,201.36,393.46,121.1,310.0,281.62,476.92,0.8245
5,single_car_video_6_speed_1V_6_header.mp4,240,201.5,391.68,119.52,310.0,283.48,473.35,0.817
5,single_car_video_6_speed_1V_6_header.mp4,241,199.35,389.96,119.11,310.0,279.6,469.92,0.812
5,single_car_video_6_speed_1V_6_header.mp4,242,195.68,387.37,118.29,310.0,273.07,464.73,0.7969
5,single_car_video_6_speed_1V_6_header.mp4,243,194.93,385.97,117.4,310.0,272.46,461.94,0.7949
5,single_car_video_6_speed_1V_6_header.mp4,244,194.52,385.33,115.9,310.0,273.14,460.66,0.7959
5,single_car_video_6_speed_1V_6_header.mp4,245,193.44,382.35,115.06,310.0,271.82,454.71,0.7868
5,single_car_video_6_speed_1V_6_header.mp4,246,189.91,380.05,111.83,310.0,267.99,450.09,0.7756
5,single_car_video_6_speed_1V_6_header.mp4,247,188.49,379.09,110.59,310.0,266.39,448.18,0.7738
5,single_car_video_6_speed_1V_6_header.mp4,248,188.21,378.86,107.07,310.0,269.35,447.71,0.7877
5,single_car_video_6_speed_1V_6_header.mp4,249,186.57,376.49,107.44,310.0,265.69,442.98,0.8049
5,single_car_video_6_speed_1V_6_header.mp4,250,183.55,373.97,106.19,310.0,260.92,437.94,0.7624
5,single_car_video_6_speed_1V_6_header.mp4,251,183.54,374.9,110.24,310.0,256.83,439.8,0.7595
5,single_car_video_6_speed_1V_6_header.mp4,252,182.31,373.64,109.38,310.0,255.25,437.28,0.757
5,single_car_video_6_speed_1V_6_header.mp4,253,180.64,370.19,104.15,310.0,257.13,430.39,0.8047
5,single_car_video_6_speed_1V_6_header.mp4,254,180.32,368.7,106.5,310.0,254.14,427.4,0.7555
5,single_car_video_6_speed_1V_6_header.mp4,255,175.81,367.09,104.45,310.0,247.17,424.18,0.7494
5,single_car_video_6_speed_1V_6_header.mp4,256,171.78,364.64,99.72,310.0,243.83,419.28,0.7997
5,single_car_video_6_speed_1V_6_header.mp4,257,178.55,364.59,109.55,310.0,247.54,419.17,0.7291
5,single_car_video_6_speed_1V_6_header.mp4,258,176.48,362.14,114.72,310.0,238.25,414.29,0.7231
5,single_car_video_6_speed_1V_6_header.mp4,259,172.81,359.86,109.12,310.0,236.5,409.71,0.7221
5,single_car_video_6_speed_1V_6_header.mp4,260,174.39,360.65,106.79,310.0,241.99,411.31,0.7378
5,single_car_video_6_speed_1V_6_header.mp4,261,173.72,358.65,109.49,310.0,237.95,407.3,0.7108
5,single_car_video_6_speed_1V_6_header.mp4,262,173.93,356.7,112.61,310.0,235.26,403.4,0.6835
5,single_car_video_6_speed_1V_6_header.mp4,263,174.01,354.42,113.69,310.0,234.34,398.85,0.6593
5,single_car_video_6_speed_1V_6_header.mp4,264,173.61,353.35,112.35,310.0,234.87,396.71,0.611
5,single_car_video_6_speed_1V_6_header.mp4,265,171.17,350.73,117.07,310.0,225.26,391.46,0.6039
5,single_car_video_6_speed_1V_6_header.mp4,266,175.53,348.38,118.79,310.0,232.28,386.76,0.5897
5,single_car_video_6_speed_1V_6_header.mp4,267,169.05,347.33,116.31,310.0,221.78,384.66,0.5783
5,single_car_video_6_speed_1V_6_header.mp4,268,163.61,346.44,110.9,310.0,216.31,382.89,0.5548
5,single_car_video_6_speed_1V_6_header.mp4,269,170.67,345.73,116.77,310.0,224.57,381.46,0.5863
5,single_car_video_6_speed_1V_6_header.mp4,270,167.53,343.53,114.38,310.0,220.68,377.06,0.5776
5,single_car_video_6_speed_1V_6_header.mp4,271,168.35,341.42,115.06,310.0,221.63,372.85,0.6051
5,single_car_video_6_speed_1V_6_header.mp4,272,169.72,339.91,114.56,310.0,224.88,369.82,0.6552
5,single_car_video_6_speed_1V_6_header.mp4,273,168.89,337.32,114.23,310.0,223.56,364.64,0.654
5,single_car_video_6_speed_1V_6_header.mp4,274,169.87,335.26,118.03,310.0,221.72,360.53,0.7137
5,single_car_video_6_speed_1V_6_header.mp4,275,167.55,334.82,113.11,310.0,221.99,359.64,0.6696
5,single_car_video_6_speed_1V_6_header.mp4,276,162.23,333.85,106.4,310.0,218.05,357.71,0.7104
5,single_car_video_6_speed_1V_6_header.mp4,277,160.72,332.36,104.49,310.0,216.94,354.72,0.7209
5,single_car_video_6_speed_1V_6_header.mp4,278,158.42,329.85,104.24,310.0,212.6,349.69,0.726
5,single_car_video_6_speed_1V_6_header.mp4,279,156.61,327.46,106.26,310.0,206.96,344.92,0.7462
5,single_car_video_6_speed_1V_6_header.mp4,280,155.14,325.73,105.92,310.0,204.35,341.47,0.7327
5,single_car_video_6_speed_1V_6_header.mp4,280,154.53,331.33,101.87,310.0,207.19,352.65,0.2519
5,single_car_video_6_speed_1V_6_header.mp4,281,154.83,324.58,106.26,310.0,203.39,339.15,0.7327
5,single_car_video_6_speed_1V_6_header.mp4,282,153.77,323.91,104.96,310.0,202.58,337.81,0.6418
5,single_car_video_6_speed_1V_6_header.mp4,283,152.07,323.31,103.43,310.0,200.71,336.61,0.5134
5,single_car_video_6_speed_1V_6_header.mp4,284,138.45,321.85,99.13,310.0,177.78,333.7,0.3551
5,single_car_video_6_speed_1V_6_header.mp4,285,134.1,321.38,97.37,310.0,170.83,332.77,0.3374
5,single_car_video_6_speed_1V_6_header.mp4,285,147.26,322.25,102.17,310.0,192.34,334.49,0.2743
5,single_car_video_6_speed_1V_6_header.mp4,286,132.75,320.94,93.29,310.0,172.21,331.88,0.2973
5,single_car_video_6_speed_1V_6_header.mp4,287,131.87,320.73,89.73,310.0,174.01,331.46,0.283
